-- phpMyAdmin SQL Dump
-- version 4.8.5
-- https://www.phpmyadmin.net/
--
-- Host: 127.0.0.1
-- Generation Time: Jun 30, 2019 at 10:43 PM
-- Server version: 10.1.38-MariaDB
-- PHP Version: 7.3.3

SET SQL_MODE = "NO_AUTO_VALUE_ON_ZERO";
SET AUTOCOMMIT = 0;
START TRANSACTION;
SET time_zone = "+00:00";


/*!40101 SET @OLD_CHARACTER_SET_CLIENT=@@CHARACTER_SET_CLIENT */;
/*!40101 SET @OLD_CHARACTER_SET_RESULTS=@@CHARACTER_SET_RESULTS */;
/*!40101 SET @OLD_COLLATION_CONNECTION=@@COLLATION_CONNECTION */;
/*!40101 SET NAMES utf8mb4 */;

--
-- Database: `konveksi_jpaindo`
--

-- --------------------------------------------------------

--
-- Table structure for table `bahanbaku`
--

CREATE TABLE `bahanbaku` (
  `KdBBaku` varchar(100) NOT NULL,
  `NamaBBaku` varchar(100) NOT NULL,
  `Jenis` varchar(40) NOT NULL,
  `Warna` varchar(40) NOT NULL,
  `HargaPerM2` double NOT NULL,
  `TersediaM2` int(11) NOT NULL
) ENGINE=InnoDB DEFAULT CHARSET=latin1;

--
-- Dumping data for table `bahanbaku`
--

INSERT INTO `bahanbaku` (`KdBBaku`, `NamaBBaku`, `Jenis`, `Warna`, `HargaPerM2`, `TersediaM2`) VALUES
('a', 'a', 'a', 'a', 3, 100),
('baku1', 'Kain Sutra', 'kain', 'merah', 10000, 100),
('baku2', 'Kain Katun', 'kain', 'hitam', 20000, 200),
('baku3', 'Kain Sutra', 'kain', 'hitam', 10500, 300),
('baku4', 'Kain Sutra', 'kain', 'kuning', 10000, 100),
('baku5', 'Kain Katun', 'kain', 'biru', 20000, 200),
('baku6', 'Kain Sutra', 'kain', 'putih', 10500, 300),
('cdt30s-Abu-Abu', 'Cardet', 'Cardet 30s', 'Abu-Abu', 100000, 149),
('cdt30s-Hitam', 'Cardet', 'Cardet 30s', 'Hitam', 100000, 146),
('cdt30s-Kuning', 'Cardet', 'Cardet 30s', 'Kuning', 100000, 15),
('cdt30s-Maroon', 'Cardet', 'Cardet 30s', 'Maroon', 100000, 20),
('cdt30s-Navy', 'Cardet', 'Cardet 30s', 'Navy', 100000, 10),
('cdt30s-Putih', 'Cardet', 'Cardet 30s', 'Putih', 100000, 20),
('cotvis-Abu-Abu', 'CVC', 'Cotton Viscose', 'Abu-Abu', 100000, 10),
('cotvis-Hitam', 'CVC', 'Cotton Viscose', 'Hitam', 100000, 16),
('cotvis-Kuning', 'CVC', 'Cotton Viscose', 'Kuning', 100000, 15),
('cotvis-Maroon', 'CVC', 'Cotton Viscose', 'Maroon', 100000, 12),
('cotvis-Navy', 'CVC', 'Cotton Viscose', 'Navy', 100000, 10),
('cotvis-Putih', 'CVC', 'Cotton Viscose', 'Putih', 100000, 20),
('Hyget-Abu-Abu', 'HYGET', 'Hyget', 'Abu-Abu', 45000, 30),
('Hyget-Hitam', 'HYGET', 'Hyget', 'Hitam', 45000, 30),
('Hyget-Kuning', 'HYGET', 'Hyget', 'Kuning', 45000, 30),
('Hyget-Maroon', 'HYGET', 'Hyget', 'Maroon', 45000, 30),
('Hyget-Navy', 'HYGET', 'Hyget', 'Navy', 45000, 30),
('Hyget-Putih', 'HYGET', 'Hyget', 'Putih', 45000, 30),
('kc24s-Abu-Abu', 'Katun', 'Combad 24s', 'Abu-Abu', 100000, 10),
('kc24s-Hitam', 'Katun', 'Combad 24s', 'Hitam', 100000, 15),
('kc24s-Kuning', 'Katun', 'Combad 24s', 'Kuning', 100000, 15),
('kc24s-Maroon', 'Katun', 'Combad 24s', 'Maroon', 100000, 20),
('kc24s-Navy', 'Katun', 'Combad 24s', 'Navy', 100000, 10),
('kc24s-Putih', 'Katun', 'Combad 24s', 'Putih', 100000, 20),
('kc30s-Abu-Abu', 'Katun', 'Combad 30s', 'Abu-Abu', 100000, 10),
('kc30s-Hitam', 'Katun', 'Combad 30s', 'Hitam', 100000, 15),
('kc30s-Kuning', 'Katun', 'Combad 30s', 'Kuning', 100000, 15),
('kc30s-Maroon', 'Katun', 'Combad 30s', 'Maroon', 100000, 20),
('kc30s-Navy', 'Katun', 'Combad 30s', 'Navy', 100000, 10),
('kc30s-Putih', 'Katun', 'Combad 30s', 'Putih', 100000, 20),
('KDB-0001', 'c', 'c', 'c', 1, 1),
('plystr-Abu-Abu', 'POLYESTER', 'Ester', 'Abu-Abu', 100000, 10),
('plystr-Hitam', 'POLYESTER', 'Ester', 'Hitam', 100000, 15),
('plystr-Kuning', 'POLYESTER', 'Ester', 'Kuning', 100000, 15),
('plystr-Maroon', 'POLYESTER', 'Ester', 'Maroon', 100000, 20),
('plystr-Navy', 'POLYESTER', 'Ester', 'Navy', 100000, 10),
('plystr-Putih', 'POLYESTER', 'Ester', 'Putih', 100000, 20),
('telcot-Abu-Abu', 'Teteron Cotton', 'cotton combed polyester', 'Abu-Abu', 100000, 10),
('telcot-Hitam', 'Teteron Cotton', 'cotton combed polyester', 'Hitam', 100000, 15),
('telcot-Kuning', 'Teteron Cotton', 'cotton combed polyester', 'Kuning', 100000, 15),
('telcot-Maroon', 'Teteron Cotton', 'cotton combed polyester', 'Maroon', 100000, 20),
('telcot-Navy', 'Teteron Cotton', 'cotton combed polyester', 'Navy', 100000, 10),
('telcot-Putih', 'Teteron Cotton', 'cotton combed polyester', 'Putih', 100000, 20),
('viscose-Abu-Abu', 'VISCOSE', 'Serat Viscose', 'Abu-Abu', 100000, 10),
('viscose-Hitam', 'VISCOSE', 'Serat Viscose', 'Hitam', 100000, 15),
('viscose-Kuning', 'VISCOSE', 'Serat Viscose', 'Kuning', 100000, 15),
('viscose-Maroon', 'VISCOSE', 'Serat Viscose', 'Maroon', 100000, 20),
('viscose-Navy', 'VISCOSE', 'Serat Viscose', 'Navy', 100000, 10),
('viscose-Putih', 'VISCOSE', 'Serat Viscose', 'Putih', 100000, 20);

-- --------------------------------------------------------

--
-- Table structure for table `bahanbakudesain`
--

CREATE TABLE `bahanbakudesain` (
  `KodeBBakuDesain` varchar(100) NOT NULL,
  `UkuranBBDM2` double NOT NULL,
  `KdDesain` varchar(100) NOT NULL,
  `KdBBaku` varchar(100) NOT NULL
) ENGINE=InnoDB DEFAULT CHARSET=latin1;

--
-- Dumping data for table `bahanbakudesain`
--

INSERT INTO `bahanbakudesain` (`KodeBBakuDesain`, `UkuranBBDM2`, `KdDesain`, `KdBBaku`) VALUES
('cottonvc-polaE01-Abu-Abu', 0.5, 'ABUABU-polaE01', 'cotvis-Abu-Abu'),
('cottonvc-polaE01-Hitam', 0.5, 'HTMHTM-polaE01', 'cotvis-Hitam'),
('cottonvc-polaE01-Maroon', 0.5, 'MRNMRN-polaE01', 'cotvis-Maroon'),
('cottonvc-polaE01-Putih', 0.5, 'HTMPTH-polaE01', 'cotvis-Putih'),
('cottonvc-polaE02-Abu-Abu', 0.5, 'ABUABU-polaE02', 'cotvis-Abu-Abu'),
('cottonvc-polaE02-Hitam', 0.5, 'HTMHTM-polaE02', 'cotvis-Hitam'),
('cottonvc-polaE02-Maroon', 0.5, 'MRNMRN-polaE02', 'cotvis-Maroon'),
('cottonvc-polaE02-Putih', 0.5, 'HTMPTH-polaE02', 'cotvis-Putih'),
('cottonvc-polaE03-Abu-Abu', 0.5, 'ABUABU-polaE03', 'cotvis-Abu-Abu'),
('cottonvc-polaE03-Hitam', 0.5, 'HTMHTM-polaE03', 'cotvis-Hitam'),
('cottonvc-polaE03-Maroon', 0.5, 'MRNMRN-polaE03', 'cotvis-Maroon'),
('cottonvc-polaE03-Putih', 0.5, 'HTMPTH-polaE03', 'cotvis-Putih'),
('cottonvc-polaE04-Abu-Abu', 0.5, 'ABUABU-polaE04', 'cotvis-Abu-Abu'),
('cottonvc-polaE04-Hitam', 0.5, 'HTMHTM-polaE04', 'cotvis-Hitam'),
('cottonvc-polaE04-Maroon', 0.5, 'MRNMRN-polaE04', 'cotvis-Maroon'),
('cottonvc-polaE04-Putih', 0.5, 'HTMPTH-polaE04', 'cotvis-Putih'),
('cottonvc-polaE05-Abu-Abu', 0.5, 'ABUABU-polaE05', 'cotvis-Abu-Abu'),
('cottonvc-polaE05-Hitam', 0.5, 'HTMHTM-polaE05', 'cotvis-Hitam'),
('cottonvc-polaE05-Maroon', 0.5, 'MRNMRN-polaE05', 'cotvis-Maroon'),
('cottonvc-polaE05-Putih', 0.5, 'HTMPTH-polaE05', 'cotvis-Putih'),
('cottonvc-polaE06-Abu-Abu', 0.5, 'ABUABU-polaE06', 'cotvis-Abu-Abu'),
('cottonvc-polaE06-Hitam', 0.5, 'HTMHTM-polaE06', 'cotvis-Hitam'),
('cottonvc-polaE06-Maroon', 0.5, 'MRNMRN-polaE06', 'cotvis-Maroon'),
('cottonvc-polaE06-Putih', 0.5, 'HTMPTH-polaE06', 'cotvis-Putih'),
('cottonvc-polaE07-Abu-Abu', 0.5, 'ABUABU-polaE07', 'cotvis-Abu-Abu'),
('cottonvc-polaE07-Hitam', 0.5, 'HTMHTM-polaE07', 'cotvis-Hitam'),
('cottonvc-polaE07-Maroon', 0.5, 'MRNMRN-polaE07', 'cotvis-Maroon'),
('cottonvc-polaE07-Putih', 0.5, 'HTMPTH-polaE07', 'cotvis-Putih'),
('cottonvc-polaE08-Abu-Abu', 0.5, 'ABUABU-polaE08', 'cotvis-Abu-Abu'),
('cottonvc-polaE08-Hitam', 0.5, 'HTMHTM-polaE08', 'cotvis-Hitam'),
('cottonvc-polaE08-Maroon', 0.5, 'MRNMRN-polaE08', 'cotvis-Maroon'),
('cottonvc-polaE08-Putih', 0.5, 'HTMPTH-polaE08', 'cotvis-Putih'),
('crdt30s-polaB01-Abu-Abu', 0.5, 'ABUHTM-polaB01', 'cdt30s-Abu-Abu'),
('crdt30s-polaB01-Hitam', 0.5, 'ABUHTM-polaB01', 'cdt30s-Hitam'),
('crdt30s-polaB01-Kuning', 0.5, 'KNGKNG-polaB01', 'cdt30s-Kuning'),
('crdt30s-polaB01-Navy', 0.5, 'NVYHTM-polaB01', 'cdt30s-Navy'),
('crdt30s-polaB01-Putih', 0.5, 'PTHPTH-polaB01', 'cdt30s-Putih'),
('crdt30s-polaB02-Abu-Abu', 0.5, 'ABUHTM-polaB02', 'cdt30s-Abu-Abu'),
('crdt30s-polaB02-Hitam', 0.5, 'ABUHTM-polaB02', 'cdt30s-Hitam'),
('crdt30s-polaB02-Kuning', 0.5, 'KNGKNG-polaB02', 'cdt30s-Kuning'),
('crdt30s-polaB02-Navy', 0.5, 'NVYHTM-polaB02', 'cdt30s-Navy'),
('crdt30s-polaB02-Putih', 0.5, 'PTHPTH-polaB02', 'cdt30s-Putih'),
('crdt30s-polaB03-Abu-Abu', 0.5, 'ABUHTM-polaB03', 'cdt30s-Abu-Abu'),
('crdt30s-polaB03-Hitam', 0.5, 'ABUHTM-polaB03', 'cdt30s-Hitam'),
('crdt30s-polaB03-Kuning', 0.5, 'KNGKNG-polaB03', 'cdt30s-Kuning'),
('crdt30s-polaB03-Navy', 0.5, 'NVYHTM-polaB03', 'cdt30s-Navy'),
('crdt30s-polaB03-Putih', 0.5, 'PTHPTH-polaB03', 'cdt30s-Putih'),
('crdt30s-polaB04-Abu-Abu', 0.5, 'ABUHTM-polaB04', 'cdt30s-Abu-Abu'),
('crdt30s-polaB04-Hitam', 0.5, 'ABUHTM-polaB04', 'cdt30s-Hitam'),
('crdt30s-polaB04-Kuning', 0.5, 'KNGKNG-polaB04', 'cdt30s-Kuning'),
('crdt30s-polaB04-Navy', 0.5, 'NVYHTM-polaB04', 'cdt30s-Navy'),
('crdt30s-polaB04-Putih', 0.5, 'PTHPTH-polaB04', 'cdt30s-Putih'),
('crdt30s-polaB05-Abu-Abu', 0.5, 'ABUHTM-polaB05', 'cdt30s-Abu-Abu'),
('crdt30s-polaB05-Hitam', 0.5, 'ABUHTM-polaB05', 'cdt30s-Hitam'),
('crdt30s-polaB05-Kuning', 0.5, 'KNGKNG-polaB05', 'cdt30s-Kuning'),
('crdt30s-polaB05-Navy', 0.5, 'NVYHTM-polaB05', 'cdt30s-Navy'),
('crdt30s-polaB05-Putih', 0.5, 'PTHPTH-polaB05', 'cdt30s-Putih'),
('crdt30s-polaB06-Abu-Abu', 0.5, 'ABUHTM-polaB06', 'cdt30s-Abu-Abu'),
('crdt30s-polaB06-Hitam', 0.5, 'ABUHTM-polaB06', 'cdt30s-Hitam'),
('crdt30s-polaB06-Kuning', 0.5, 'KNGKNG-polaB06', 'cdt30s-Kuning'),
('crdt30s-polaB06-Navy', 0.5, 'NVYHTM-polaB06', 'cdt30s-Navy'),
('crdt30s-polaB06-Putih', 0.5, 'PTHPTH-polaB06', 'cdt30s-Putih'),
('crdt30s-polaB07-Abu-Abu', 0.5, 'ABUHTM-polaB07', 'cdt30s-Abu-Abu'),
('crdt30s-polaB07-Hitam', 0.5, 'ABUHTM-polaB07', 'cdt30s-Hitam'),
('crdt30s-polaB07-Kuning', 0.5, 'KNGKNG-polaB07', 'cdt30s-Kuning'),
('crdt30s-polaB07-Navy', 0.5, 'NVYHTM-polaB07', 'cdt30s-Navy'),
('crdt30s-polaB07-Putih', 0.5, 'PTHPTH-polaB07', 'cdt30s-Putih'),
('crdt30s-polaB08-Abu-Abu', 0.5, 'ABUHTM-polaB08', 'cdt30s-Abu-Abu'),
('crdt30s-polaB08-Hitam', 0.5, 'ABUHTM-polaB08', 'cdt30s-Hitam'),
('crdt30s-polaB08-Kuning', 0.5, 'KNGKNG-polaB08', 'cdt30s-Kuning'),
('crdt30s-polaB08-Navy', 0.5, 'NVYHTM-polaB08', 'cdt30s-Navy'),
('crdt30s-polaB08-Putih', 0.5, 'PTHPTH-polaB08', 'cdt30s-Putih'),
('hyget-polaF01-Abu-Abu', 0.5, 'ABUHTM-polaF01', 'Hyget-Abu-Abu'),
('hyget-polaF01-Hitam', 0.5, 'ABUHTM-polaF01', 'Hyget-Hitam'),
('hyget-polaF01-Kuning', 0.5, 'KNGKNG-polaF01', 'Hyget-Kuning'),
('hyget-polaF01-Navy', 0.5, 'NVYHTM-polaF01', 'Hyget-Navy'),
('hyget-polaF01-Putih', 0.5, 'PTHPTH-polaF01', 'Hyget-Putih'),
('hyget-polaF02-Abu-Abu', 0.5, 'ABUHTM-polaF02', 'Hyget-Abu-Abu'),
('hyget-polaF02-Hitam', 0.5, 'ABUHTM-polaF02', 'Hyget-Hitam'),
('hyget-polaF02-Kuning', 0.5, 'KNGKNG-polaF02', 'Hyget-Kuning'),
('hyget-polaF02-Navy', 0.5, 'NVYHTM-polaF02', 'Hyget-Navy'),
('hyget-polaF02-Putih', 0.5, 'PTHPTH-polaF02', 'Hyget-Putih'),
('hyget-polaF03-Abu-Abu', 0.5, 'ABUHTM-polaF03', 'Hyget-Abu-Abu'),
('hyget-polaF03-Hitam', 0.5, 'ABUHTM-polaF03', 'Hyget-Hitam'),
('hyget-polaF03-Kuning', 0.5, 'KNGKNG-polaF03', 'Hyget-Kuning'),
('hyget-polaF03-Navy', 0.5, 'NVYHTM-polaF03', 'Hyget-Navy'),
('hyget-polaF03-Putih', 0.5, 'PTHPTH-polaF03', 'Hyget-Putih'),
('hyget-polaF04-Abu-Abu', 0.5, 'ABUHTM-polaF04', 'Hyget-Abu-Abu'),
('hyget-polaF04-Hitam', 0.5, 'ABUHTM-polaF04', 'Hyget-Hitam'),
('hyget-polaF04-Kuning', 0.5, 'KNGKNG-polaF04', 'Hyget-Kuning'),
('hyget-polaF04-Navy', 0.5, 'NVYHTM-polaF04', 'Hyget-Navy'),
('hyget-polaF04-Putih', 0.5, 'PTHPTH-polaF04', 'Hyget-Putih'),
('hyget-polaF05-Abu-Abu', 0.5, 'ABUHTM-polaF05', 'Hyget-Abu-Abu'),
('hyget-polaF05-Hitam', 0.5, 'ABUHTM-polaF05', 'Hyget-Hitam'),
('hyget-polaF05-Kuning', 0.5, 'KNGKNG-polaF05', 'Hyget-Kuning'),
('hyget-polaF05-Navy', 0.5, 'NVYHTM-polaF05', 'Hyget-Navy'),
('hyget-polaF05-Putih', 0.5, 'PTHPTH-polaF05', 'Hyget-Putih'),
('hyget-polaF06-Abu-Abu', 0.5, 'ABUHTM-polaF06', 'Hyget-Abu-Abu'),
('hyget-polaF06-Hitam', 0.5, 'ABUHTM-polaF06', 'Hyget-Hitam'),
('hyget-polaF06-Kuning', 0.5, 'KNGKNG-polaF06', 'Hyget-Kuning'),
('hyget-polaF06-Navy', 0.5, 'NVYHTM-polaF06', 'Hyget-Navy'),
('hyget-polaF06-Putih', 0.5, 'PTHPTH-polaF06', 'Hyget-Putih'),
('hyget-polaF07-Abu-Abu', 0.5, 'ABUHTM-polaF07', 'Hyget-Abu-Abu'),
('hyget-polaF07-Hitam', 0.5, 'ABUHTM-polaF07', 'Hyget-Hitam'),
('hyget-polaF07-Kuning', 0.5, 'KNGKNG-polaF07', 'Hyget-Kuning'),
('hyget-polaF07-Navy', 0.5, 'NVYHTM-polaF07', 'Hyget-Navy'),
('hyget-polaF07-Putih', 0.5, 'PTHPTH-polaF07', 'Hyget-Putih'),
('hyget-polaF08-Abu-Abu', 0.5, 'ABUHTM-polaF08', 'Hyget-Abu-Abu'),
('hyget-polaF08-Hitam', 0.5, 'ABUHTM-polaF08', 'Hyget-Hitam'),
('hyget-polaF08-Kuning', 0.5, 'KNGKNG-polaF08', 'Hyget-Kuning'),
('hyget-polaF08-Navy', 0.5, 'NVYHTM-polaF08', 'Hyget-Navy'),
('hyget-polaF08-Putih', 0.5, 'PTHPTH-polaF08', 'Hyget-Putih'),
('KDBBD-0001', 22, 'KDD-0001', 'KDB-0001'),
('ktn24s-polaA01-Abu-Abu', 0.5, 'ABUABU-polaA01', 'kc24s-Abu-Abu'),
('ktn24s-polaA01-Hitam', 0.5, 'HTMHTM-polaA01', 'kc24s-Hitam'),
('ktn24s-polaA01-Maroon', 0.5, 'MRNMRN-polaA01', 'kc24s-Maroon'),
('ktn24s-polaA01-Putih', 0.5, 'HTMPTH-polaA01', 'kc24s-Putih'),
('ktn24s-polaA02-Abu-Abu', 0.5, 'ABUABU-polaA02', 'kc24s-Abu-Abu'),
('ktn24s-polaA02-Hitam', 0.5, 'HTMHTM-polaA02', 'kc24s-Hitam'),
('ktn24s-polaA02-Maroon', 0.5, 'MRNMRN-polaA02', 'kc24s-Maroon'),
('ktn24s-polaA02-Putih', 0.5, 'HTMPTH-polaA02', 'kc24s-Putih'),
('ktn24s-polaA03-Abu-Abu', 0.5, 'ABUABU-polaA03', 'kc24s-Abu-Abu'),
('ktn24s-polaA03-Hitam', 0.5, 'HTMHTM-polaA03', 'kc24s-Hitam'),
('ktn24s-polaA03-Maroon', 0.5, 'MRNMRN-polaA03', 'kc24s-Maroon'),
('ktn24s-polaA03-Putih', 0.5, 'HTMPTH-polaA03', 'kc24s-Putih'),
('ktn24s-polaA04-Abu-Abu', 0.5, 'ABUABU-polaA04', 'kc24s-Abu-Abu'),
('ktn24s-polaA04-Hitam', 0.5, 'HTMHTM-polaA04', 'kc24s-Hitam'),
('ktn24s-polaA04-Maroon', 0.5, 'MRNMRN-polaA04', 'kc24s-Maroon'),
('ktn24s-polaA04-Putih', 0.5, 'HTMPTH-polaA04', 'kc24s-Putih'),
('ktn24s-polaA05-Abu-Abu', 0.5, 'ABUABU-polaA05', 'kc24s-Abu-Abu'),
('ktn24s-polaA05-Hitam', 0.5, 'HTMHTM-polaA05', 'kc24s-Hitam'),
('ktn24s-polaA05-Maroon', 0.5, 'MRNMRN-polaA05', 'kc24s-Maroon'),
('ktn24s-polaA05-Putih', 0.5, 'HTMPTH-polaA05', 'kc24s-Putih'),
('ktn24s-polaA06-Abu-Abu', 0.5, 'ABUABU-polaA06', 'kc24s-Abu-Abu'),
('ktn24s-polaA06-Hitam', 0.5, 'HTMHTM-polaA06', 'kc24s-Hitam'),
('ktn24s-polaA06-Maroon', 0.5, 'MRNMRN-polaA06', 'kc24s-Maroon'),
('ktn24s-polaA06-Putih', 0.5, 'HTMPTH-polaA06', 'kc24s-Putih'),
('ktn24s-polaA07-Abu-Abu', 0.5, 'ABUABU-polaA07', 'kc24s-Abu-Abu'),
('ktn24s-polaA07-Hitam', 0.5, 'HTMHTM-polaA07', 'kc24s-Hitam'),
('ktn24s-polaA07-Maroon', 0.5, 'MRNMRN-polaA07', 'kc24s-Maroon'),
('ktn24s-polaA07-Putih', 0.5, 'HTMPTH-polaA07', 'kc24s-Putih'),
('ktn24s-polaA08-Abu-Abu', 0.5, 'ABUABU-polaA08', 'kc24s-Abu-Abu'),
('ktn24s-polaA08-Hitam', 0.5, 'HTMHTM-polaA08', 'kc24s-Hitam'),
('ktn24s-polaA08-Maroon', 0.5, 'MRNMRN-polaA08', 'kc24s-Maroon'),
('ktn24s-polaA08-Putih', 0.5, 'HTMPTH-polaA08', 'kc24s-Putih'),
('telcot-polaC01-Abu-Abu', 0.5, 'ABUABU-polaC01', 'telcot-Abu-Abu'),
('telcot-polaC01-Hitam', 0.5, 'HTMHTM-polaC01', 'telcot-Hitam'),
('telcot-polaC01-Maroon', 0.5, 'MRNMRN-polaC01', 'telcot-Maroon'),
('telcot-polaC01-Putih', 0.5, 'HTMPTH-polaC01', 'telcot-Putih'),
('telcot-polaC02-Abu-Abu', 0.5, 'ABUABU-polaC02', 'telcot-Abu-Abu'),
('telcot-polaC02-Hitam', 0.5, 'HTMHTM-polaC02', 'telcot-Hitam'),
('telcot-polaC02-Maroon', 0.5, 'MRNMRN-polaC02', 'telcot-Maroon'),
('telcot-polaC02-Putih', 0.5, 'HTMPTH-polaC02', 'telcot-Putih'),
('telcot-polaC03-Abu-Abu', 0.5, 'ABUABU-polaC03', 'telcot-Abu-Abu'),
('telcot-polaC03-Hitam', 0.5, 'HTMHTM-polaC03', 'telcot-Hitam'),
('telcot-polaC03-Maroon', 0.5, 'MRNMRN-polaC03', 'telcot-Maroon'),
('telcot-polaC03-Putih', 0.5, 'HTMPTH-polaC03', 'telcot-Putih'),
('telcot-polaC04-Abu-Abu', 0.5, 'ABUABU-polaC04', 'telcot-Abu-Abu'),
('telcot-polaC04-Hitam', 0.5, 'HTMHTM-polaC04', 'telcot-Hitam'),
('telcot-polaC04-Maroon', 0.5, 'MRNMRN-polaC04', 'telcot-Maroon'),
('telcot-polaC04-Putih', 0.5, 'HTMPTH-polaC04', 'telcot-Putih'),
('telcot-polaC05-Abu-Abu', 0.5, 'ABUABU-polaC05', 'telcot-Abu-Abu'),
('telcot-polaC05-Hitam', 0.5, 'HTMHTM-polaC05', 'telcot-Hitam'),
('telcot-polaC05-Maroon', 0.5, 'MRNMRN-polaC05', 'telcot-Maroon'),
('telcot-polaC05-Putih', 0.5, 'HTMPTH-polaC05', 'telcot-Putih'),
('telcot-polaC06-Abu-Abu', 0.5, 'ABUABU-polaC06', 'telcot-Abu-Abu'),
('telcot-polaC06-Hitam', 0.5, 'HTMHTM-polaC06', 'telcot-Hitam'),
('telcot-polaC06-Maroon', 0.5, 'MRNMRN-polaC06', 'telcot-Maroon'),
('telcot-polaC06-Putih', 0.5, 'HTMPTH-polaC06', 'telcot-Putih'),
('telcot-polaC07-Abu-Abu', 0.5, 'ABUABU-polaC07', 'telcot-Abu-Abu'),
('telcot-polaC07-Hitam', 0.5, 'HTMHTM-polaC07', 'telcot-Hitam'),
('telcot-polaC07-Maroon', 0.5, 'MRNMRN-polaC07', 'telcot-Maroon'),
('telcot-polaC07-Putih', 0.5, 'HTMPTH-polaC07', 'telcot-Putih'),
('telcot-polaC08-Abu-Abu', 0.5, 'ABUABU-polaC08', 'telcot-Abu-Abu'),
('telcot-polaC08-Hitam', 0.5, 'HTMHTM-polaC08', 'telcot-Hitam'),
('telcot-polaC08-Maroon', 0.5, 'MRNMRN-polaC08', 'telcot-Maroon'),
('telcot-polaC08-Putih', 0.5, 'HTMPTH-polaC08', 'telcot-Putih'),
('viscose-polaD01-Abu-Abu', 0.5, 'ABUHTM-polaD01', 'viscose-Abu-Abu'),
('viscose-polaD01-Hitam', 0.5, 'ABUHTM-polaD01', 'viscose-Hitam'),
('viscose-polaD01-Kuning', 0.5, 'KNGKNG-polaD01', 'viscose-Kuning'),
('viscose-polaD01-Navy', 0.5, 'NVYHTM-polaD01', 'viscose-Navy'),
('viscose-polaD01-Putih', 0.5, 'PTHPTH-polaD01', 'viscose-Putih'),
('viscose-polaD02-Abu-Abu', 0.5, 'ABUHTM-polaD02', 'viscose-Abu-Abu'),
('viscose-polaD02-Hitam', 0.5, 'ABUHTM-polaD02', 'viscose-Hitam'),
('viscose-polaD02-Kuning', 0.5, 'KNGKNG-polaD02', 'viscose-Kuning'),
('viscose-polaD02-Navy', 0.5, 'NVYHTM-polaD02', 'viscose-Navy'),
('viscose-polaD02-Putih', 0.5, 'PTHPTH-polaD02', 'viscose-Putih'),
('viscose-polaD03-Abu-Abu', 0.5, 'ABUHTM-polaD03', 'viscose-Abu-Abu'),
('viscose-polaD03-Hitam', 0.5, 'ABUHTM-polaD03', 'viscose-Hitam'),
('viscose-polaD03-Kuning', 0.5, 'KNGKNG-polaD03', 'viscose-Kuning'),
('viscose-polaD03-Navy', 0.5, 'NVYHTM-polaD03', 'viscose-Navy'),
('viscose-polaD03-Putih', 0.5, 'PTHPTH-polaD03', 'viscose-Putih'),
('viscose-polaD04-Abu-Abu', 0.5, 'ABUHTM-polaD04', 'viscose-Abu-Abu'),
('viscose-polaD04-Hitam', 0.5, 'ABUHTM-polaD04', 'viscose-Hitam'),
('viscose-polaD04-Kuning', 0.5, 'KNGKNG-polaD04', 'viscose-Kuning'),
('viscose-polaD04-Navy', 0.5, 'NVYHTM-polaD04', 'viscose-Navy'),
('viscose-polaD04-Putih', 0.5, 'PTHPTH-polaD04', 'viscose-Putih'),
('viscose-polaD05-Abu-Abu', 0.5, 'ABUHTM-polaD05', 'viscose-Abu-Abu'),
('viscose-polaD05-Hitam', 0.5, 'ABUHTM-polaD05', 'viscose-Hitam'),
('viscose-polaD05-Kuning', 0.5, 'KNGKNG-polaD05', 'viscose-Kuning'),
('viscose-polaD05-Navy', 0.5, 'NVYHTM-polaD05', 'viscose-Navy'),
('viscose-polaD05-Putih', 0.5, 'PTHPTH-polaD05', 'viscose-Putih'),
('viscose-polaD06-Abu-Abu', 0.5, 'ABUHTM-polaD06', 'viscose-Abu-Abu'),
('viscose-polaD06-Hitam', 0.5, 'ABUHTM-polaD06', 'viscose-Hitam'),
('viscose-polaD06-Kuning', 0.5, 'KNGKNG-polaD06', 'viscose-Kuning'),
('viscose-polaD06-Navy', 0.5, 'NVYHTM-polaD06', 'viscose-Navy'),
('viscose-polaD06-Putih', 0.5, 'PTHPTH-polaD06', 'viscose-Putih'),
('viscose-polaD07-Abu-Abu', 0.5, 'ABUHTM-polaD07', 'viscose-Abu-Abu'),
('viscose-polaD07-Hitam', 0.5, 'ABUHTM-polaD07', 'viscose-Hitam'),
('viscose-polaD07-Kuning', 0.5, 'KNGKNG-polaD07', 'viscose-Kuning'),
('viscose-polaD07-Navy', 0.5, 'NVYHTM-polaD07', 'viscose-Navy'),
('viscose-polaD07-Putih', 0.5, 'PTHPTH-polaD07', 'viscose-Putih'),
('viscose-polaD08-Abu-Abu', 0.5, 'ABUHTM-polaD08', 'viscose-Abu-Abu'),
('viscose-polaD08-Hitam', 0.5, 'ABUHTM-polaD08', 'viscose-Hitam'),
('viscose-polaD08-Kuning', 0.5, 'KNGKNG-polaD08', 'viscose-Kuning'),
('viscose-polaD08-Navy', 0.5, 'NVYHTM-polaD08', 'viscose-Navy'),
('viscose-polaD08-Putih', 0.5, 'PTHPTH-polaD08', 'viscose-Putih');

-- --------------------------------------------------------

--
-- Table structure for table `barang`
--

CREATE TABLE `barang` (
  `KdBarang` varchar(100) NOT NULL,
  `NamaBrg` varchar(100) NOT NULL,
  `Ukuran` char(5) NOT NULL,
  `Harga` double NOT NULL,
  `KdDesain` varchar(100) NOT NULL
) ENGINE=InnoDB DEFAULT CHARSET=latin1;

--
-- Dumping data for table `barang`
--

INSERT INTO `barang` (`KdBarang`, `NamaBrg`, `Ukuran`, `Harga`, `KdDesain`) VALUES
('a', 'aa', 'a', 0, 'a'),
('KDB-0001', 'lord', 'S', 120000, 'ABUABU-polaA01'),
('L-kaos-crdt30s-ABUHTM-polaB01', 'Kaos Cardet Abu,Hitam B01 30s', 'L', 50010, 'ABUHTM-polaB01'),
('L-kaos-crdt30s-ABUHTM-polaB02', 'Kaos Cardet Abu,Hitam B02 30s', 'L', 50020, 'ABUHTM-polaB02'),
('L-kaos-crdt30s-ABUHTM-polaB03', 'Kaos Cardet Abu,Hitam B03 30s', 'L', 50030, 'ABUHTM-polaB03'),
('L-kaos-crdt30s-ABUHTM-polaB04', 'Kaos Cardet Abu,Hitam B04 30s', 'L', 50040, 'ABUHTM-polaB04'),
('L-kaos-crdt30s-ABUHTM-polaB05', 'Kaos Cardet Abu,Hitam B05 30s', 'L', 50050, 'ABUHTM-polaB05'),
('L-kaos-crdt30s-ABUHTM-polaB06', 'Kaos Cardet Abu,Hitam B06 30s', 'L', 50060, 'ABUHTM-polaB06'),
('L-kaos-crdt30s-ABUHTM-polaB07', 'Kaos Cardet Abu,Hitam B07 30s', 'L', 50070, 'ABUHTM-polaB07'),
('L-kaos-crdt30s-ABUHTM-polaB08', 'Kaos Cardet Abu,Hitam B08 30s', 'L', 50080, 'ABUHTM-polaB08'),
('L-kaos-crdt30s-KNGKNG-polaB01', 'Kaos Cardet Kuning B01 30s', 'L', 49530, 'KNGKNG-polaB01'),
('L-kaos-crdt30s-KNGKNG-polaB02', 'Kaos Cardet Kuning B02 30s', 'L', 49540, 'KNGKNG-polaB02'),
('L-kaos-crdt30s-KNGKNG-polaB03', 'Kaos Cardet Kuning B03 30s', 'L', 49550, 'KNGKNG-polaB03'),
('L-kaos-crdt30s-KNGKNG-polaB04', 'Kaos Cardet Kuning B04 30s', 'L', 49560, 'KNGKNG-polaB04'),
('L-kaos-crdt30s-KNGKNG-polaB05', 'Kaos Cardet Kuning B05 30s', 'L', 49570, 'KNGKNG-polaB05'),
('L-kaos-crdt30s-KNGKNG-polaB06', 'Kaos Cardet Kuning B06 30s', 'L', 49580, 'KNGKNG-polaB06'),
('L-kaos-crdt30s-KNGKNG-polaB07', 'Kaos Cardet Kuning B07 30s', 'L', 49590, 'KNGKNG-polaB07'),
('L-kaos-crdt30s-KNGKNG-polaB08', 'Kaos Cardet Kuning B08 30s', 'L', 49600, 'KNGKNG-polaB08'),
('L-kaos-crdt30s-NVYHTM-polaB01', 'Kaos Cardet Navy, Hitam B01 30s', 'L', 49050, 'NVYHTM-polaB01'),
('L-kaos-crdt30s-NVYHTM-polaB02', 'Kaos Cardet Navy, Hitam B02 30s', 'L', 49060, 'NVYHTM-polaB02'),
('L-kaos-crdt30s-NVYHTM-polaB03', 'Kaos Cardet Navy, Hitam B03 30s', 'L', 49070, 'NVYHTM-polaB03'),
('L-kaos-crdt30s-NVYHTM-polaB04', 'Kaos Cardet Navy, Hitam B04 30s', 'L', 49080, 'NVYHTM-polaB04'),
('L-kaos-crdt30s-NVYHTM-polaB05', 'Kaos Cardet Navy, Hitam B05 30s', 'L', 49090, 'NVYHTM-polaB05'),
('L-kaos-crdt30s-NVYHTM-polaB06', 'Kaos Cardet Navy, Hitam B06 30s', 'L', 49100, 'NVYHTM-polaB06'),
('L-kaos-crdt30s-NVYHTM-polaB07', 'Kaos Cardet Navy, Hitam B07 30s', 'L', 49110, 'NVYHTM-polaB07'),
('L-kaos-crdt30s-NVYHTM-polaB08', 'Kaos Cardet Navy, Hitam B08 30s', 'L', 49120, 'NVYHTM-polaB08'),
('L-kaos-crdt30s-PTHPTH-polaB01', 'Kaos Cardet Putih B01 30s', 'L', 48570, 'PTHPTH-polaB01'),
('L-kaos-crdt30s-PTHPTH-polaB02', 'Kaos Cardet Putih B02 30s', 'L', 48580, 'PTHPTH-polaB02'),
('L-kaos-crdt30s-PTHPTH-polaB03', 'Kaos Cardet Putih B03 30s', 'L', 48590, 'PTHPTH-polaB03'),
('L-kaos-crdt30s-PTHPTH-polaB04', 'Kaos Cardet Putih B04 30s', 'L', 48600, 'PTHPTH-polaB04'),
('L-kaos-crdt30s-PTHPTH-polaB05', 'Kaos Cardet Putih B05 30s', 'L', 48610, 'PTHPTH-polaB05'),
('L-kaos-crdt30s-PTHPTH-polaB06', 'Kaos Cardet Putih B06 30s', 'L', 48620, 'PTHPTH-polaB06'),
('L-kaos-crdt30s-PTHPTH-polaB07', 'Kaos Cardet Putih B07 30s', 'L', 48630, 'PTHPTH-polaB07'),
('L-kaos-crdt30s-PTHPTH-polaB08', 'Kaos Cardet Putih B08 30s', 'L', 48640, 'PTHPTH-polaB08'),
('L-kaos-cvc-ABUABU-polaE01', 'Kaos Cotton Viscose Abu-Abu E01 cvc', 'L', 48810, 'ABUABU-polaE01'),
('L-kaos-cvc-ABUABU-polaE02', 'Kaos Cotton Viscose Abu-Abu E02 cvc', 'L', 48820, 'ABUABU-polaE02'),
('L-kaos-cvc-ABUABU-polaE03', 'Kaos Cotton Viscose Abu-Abu E03 cvc', 'L', 48830, 'ABUABU-polaE03'),
('L-kaos-cvc-ABUABU-polaE04', 'Kaos Cotton Viscose Abu-Abu E04 cvc', 'L', 48840, 'ABUABU-polaE04'),
('L-kaos-cvc-ABUABU-polaE05', 'Kaos Cotton Viscose Abu-Abu E05 cvc', 'L', 48850, 'ABUABU-polaE05'),
('L-kaos-cvc-ABUABU-polaE06', 'Kaos Cotton Viscose Abu-Abu E06 cvc', 'L', 48860, 'ABUABU-polaE06'),
('L-kaos-cvc-ABUABU-polaE07', 'Kaos Cotton Viscose Abu-Abu E07 cvc', 'L', 48870, 'ABUABU-polaE07'),
('L-kaos-cvc-ABUABU-polaE08', 'Kaos Cotton Viscose Abu-Abu E08 cvc', 'L', 48880, 'ABUABU-polaE08'),
('L-kaos-cvc-HTMHTM-polaE01', 'Kaos Cotton Viscose Hitam E01 cvc', 'L', 49770, 'HTMHTM-polaE01'),
('L-kaos-cvc-HTMHTM-polaE02', 'Kaos Cotton Viscose Hitam E02 cvc', 'L', 49780, 'HTMHTM-polaE02'),
('L-kaos-cvc-HTMHTM-polaE03', 'Kaos Cotton Viscose Hitam E03 cvc', 'L', 49790, 'HTMHTM-polaE03'),
('L-kaos-cvc-HTMHTM-polaE04', 'Kaos Cotton Viscose Hitam E04 cvc', 'L', 49800, 'HTMHTM-polaE04'),
('L-kaos-cvc-HTMHTM-polaE05', 'Kaos Cotton Viscose Hitam E05 cvc', 'L', 49810, 'HTMHTM-polaE05'),
('L-kaos-cvc-HTMHTM-polaE06', 'Kaos Cotton Viscose Hitam E06 cvc', 'L', 49820, 'HTMHTM-polaE06'),
('L-kaos-cvc-HTMHTM-polaE07', 'Kaos Cotton Viscose Hitam E07 cvc', 'L', 49830, 'HTMHTM-polaE07'),
('L-kaos-cvc-HTMHTM-polaE08', 'Kaos Cotton Viscose Hitam E08 cvc', 'L', 49840, 'HTMHTM-polaE08'),
('L-kaos-cvc-HTMPTH-polaE01', 'Kaos Cotton Viscose hitam,Putih E01 cvc', 'L', 49290, 'HTMPTH-polaE01'),
('L-kaos-cvc-HTMPTH-polaE02', 'Kaos Cotton Viscose hitam,Putih E02 cvc', 'L', 49300, 'HTMPTH-polaE02'),
('L-kaos-cvc-HTMPTH-polaE03', 'Kaos Cotton Viscose hitam,Putih E03 cvc', 'L', 49310, 'HTMPTH-polaE03'),
('L-kaos-cvc-HTMPTH-polaE04', 'Kaos Cotton Viscose hitam,Putih E04 cvc', 'L', 49320, 'HTMPTH-polaE04'),
('L-kaos-cvc-HTMPTH-polaE05', 'Kaos Cotton Viscose hitam,Putih E05 cvc', 'L', 49330, 'HTMPTH-polaE05'),
('L-kaos-cvc-HTMPTH-polaE06', 'Kaos Cotton Viscose hitam,Putih E06 cvc', 'L', 49340, 'HTMPTH-polaE06'),
('L-kaos-cvc-HTMPTH-polaE07', 'Kaos Cotton Viscose hitam,Putih E07 cvc', 'L', 49350, 'HTMPTH-polaE07'),
('L-kaos-cvc-HTMPTH-polaE08', 'Kaos Cotton Viscose hitam,Putih E08 cvc', 'L', 49360, 'HTMPTH-polaE08'),
('L-kaos-cvc-MRNMRN-polaE01', 'Kaos Cotton Viscose Merah Marun E01 cvc', 'L', 50250, 'MRNMRN-polaE01'),
('L-kaos-cvc-MRNMRN-polaE02', 'Kaos Cotton Viscose Merah Marun E02 cvc', 'L', 50260, 'MRNMRN-polaE02'),
('L-kaos-cvc-MRNMRN-polaE03', 'Kaos Cotton Viscose Merah Marun E03 cvc', 'L', 50270, 'MRNMRN-polaE03'),
('L-kaos-cvc-MRNMRN-polaE04', 'Kaos Cotton Viscose Merah Marun E04 cvc', 'L', 50280, 'MRNMRN-polaE04'),
('L-kaos-cvc-MRNMRN-polaE05', 'Kaos Cotton Viscose Merah Marun E05 cvc', 'L', 50290, 'MRNMRN-polaE05'),
('L-kaos-cvc-MRNMRN-polaE06', 'Kaos Cotton Viscose Merah Marun E06 cvc', 'L', 50300, 'MRNMRN-polaE06'),
('L-kaos-cvc-MRNMRN-polaE07', 'Kaos Cotton Viscose Merah Marun E07 cvc', 'L', 50310, 'MRNMRN-polaE07'),
('L-kaos-cvc-MRNMRN-polaE08', 'Kaos Cotton Viscose Merah Marun E08 cvc', 'L', 50320, 'MRNMRN-polaE08'),
('L-kaos-ktn24s-ABUABU-polaA01', 'Kaos Katun Abu-Abu A01 24s', 'L', 49450, 'ABUABU-polaA01'),
('L-kaos-ktn24s-ABUABU-polaA02', 'Kaos Katun Abu-Abu A02 24s', 'L', 49460, 'ABUABU-polaA02'),
('L-kaos-ktn24s-ABUABU-polaA03', 'Kaos Katun Abu-Abu A03 24s', 'L', 49470, 'ABUABU-polaA03'),
('L-kaos-ktn24s-ABUABU-polaA04', 'Kaos Katun Abu-Abu A04 24s', 'L', 49480, 'ABUABU-polaA04'),
('L-kaos-ktn24s-ABUABU-polaA05', 'Kaos Katun Abu-Abu A05 24s', 'L', 49490, 'ABUABU-polaA05'),
('L-kaos-ktn24s-ABUABU-polaA06', 'Kaos Katun Abu-Abu A06 24s', 'L', 49500, 'ABUABU-polaA06'),
('L-kaos-ktn24s-ABUABU-polaA07', 'Kaos Katun Abu-Abu A07 24s', 'L', 49510, 'ABUABU-polaA07'),
('L-kaos-ktn24s-ABUABU-polaA08', 'Kaos Katun Abu-Abu A08 24s', 'L', 49520, 'ABUABU-polaA08'),
('L-kaos-ktn24s-HTMHTM-polaA01', 'Kaos Katun Hitam A01 24s', 'L', 48490, 'HTMHTM-polaA01'),
('L-kaos-ktn24s-HTMHTM-polaA02', 'Kaos Katun Hitam A02 24s', 'L', 48500, 'HTMHTM-polaA02'),
('L-kaos-ktn24s-HTMHTM-polaA03', 'Kaos Katun Hitam A03 24s', 'L', 48510, 'HTMHTM-polaA03'),
('L-kaos-ktn24s-HTMHTM-polaA04', 'Kaos Katun Hitam A04 24s', 'L', 48520, 'HTMHTM-polaA04'),
('L-kaos-ktn24s-HTMHTM-polaA05', 'Kaos Katun Hitam A05 24s', 'L', 48530, 'HTMHTM-polaA05'),
('L-kaos-ktn24s-HTMHTM-polaA06', 'Kaos Katun Hitam A06 24s', 'L', 48540, 'HTMHTM-polaA06'),
('L-kaos-ktn24s-HTMHTM-polaA07', 'Kaos Katun Hitam A07 24s', 'L', 48550, 'HTMHTM-polaA07'),
('L-kaos-ktn24s-HTMHTM-polaA08', 'Kaos Katun Hitam A08 24s', 'L', 48560, 'HTMHTM-polaA08'),
('L-kaos-ktn24s-HTMPTH-polaA01', 'Kaos Katun hitam,Putih A01 24s', 'L', 49930, 'HTMPTH-polaA01'),
('L-kaos-ktn24s-HTMPTH-polaA02', 'Kaos Katun hitam,Putih A02 24s', 'L', 49940, 'HTMPTH-polaA02'),
('L-kaos-ktn24s-HTMPTH-polaA03', 'Kaos Katun hitam,Putih A03 24s', 'L', 49950, 'HTMPTH-polaA03'),
('L-kaos-ktn24s-HTMPTH-polaA04', 'Kaos Katun hitam,Putih A04 24s', 'L', 49960, 'HTMPTH-polaA04'),
('L-kaos-ktn24s-HTMPTH-polaA05', 'Kaos Katun hitam,Putih A05 24s', 'L', 49970, 'HTMPTH-polaA05'),
('L-kaos-ktn24s-HTMPTH-polaA06', 'Kaos Katun hitam,Putih A06 24s', 'L', 49980, 'HTMPTH-polaA06'),
('L-kaos-ktn24s-HTMPTH-polaA07', 'Kaos Katun hitam,Putih A07 24s', 'L', 49990, 'HTMPTH-polaA07'),
('L-kaos-ktn24s-HTMPTH-polaA08', 'Kaos Katun hitam,Putih A08 24s', 'L', 50000, 'HTMPTH-polaA08'),
('L-kaos-ktn24s-MRNMRN-polaA01', 'Kaos Katun Merah Marun A01 24s', 'L', 48970, 'MRNMRN-polaA01'),
('L-kaos-ktn24s-MRNMRN-polaA02', 'Kaos Katun Merah Marun A02 24s', 'L', 48980, 'MRNMRN-polaA02'),
('L-kaos-ktn24s-MRNMRN-polaA03', 'Kaos Katun Merah Marun A03 24s', 'L', 48990, 'MRNMRN-polaA03'),
('L-kaos-ktn24s-MRNMRN-polaA04', 'Kaos Katun Merah Marun A04 24s', 'L', 49000, 'MRNMRN-polaA04'),
('L-kaos-ktn24s-MRNMRN-polaA05', 'Kaos Katun Merah Marun A05 24s', 'L', 49010, 'MRNMRN-polaA05'),
('L-kaos-ktn24s-MRNMRN-polaA06', 'Kaos Katun Merah Marun A06 24s', 'L', 49020, 'MRNMRN-polaA06'),
('L-kaos-ktn24s-MRNMRN-polaA07', 'Kaos Katun Merah Marun A07 24s', 'L', 49030, 'MRNMRN-polaA07'),
('L-kaos-ktn24s-MRNMRN-polaA08', 'Kaos Katun Merah Marun A08 24s', 'L', 49040, 'MRNMRN-polaA08'),
('L-kaos-pe-ABUHTM-polaF01', 'Kaos Polyester Abu,Hitam F01 -pe', 'L', 49370, 'ABUHTM-polaF01'),
('L-kaos-pe-ABUHTM-polaF02', 'Kaos Polyester Abu,Hitam F02 -pe', 'L', 49380, 'ABUHTM-polaF02'),
('L-kaos-pe-ABUHTM-polaF03', 'Kaos Polyester Abu,Hitam F03 -pe', 'L', 49390, 'ABUHTM-polaF03'),
('L-kaos-pe-ABUHTM-polaF04', 'Kaos Polyester Abu,Hitam F04 -pe', 'L', 49400, 'ABUHTM-polaF04'),
('L-kaos-pe-ABUHTM-polaF05', 'Kaos Polyester Abu,Hitam F05 -pe', 'L', 49410, 'ABUHTM-polaF05'),
('L-kaos-pe-ABUHTM-polaF06', 'Kaos Polyester Abu,Hitam F06 -pe', 'L', 49420, 'ABUHTM-polaF06'),
('L-kaos-pe-ABUHTM-polaF07', 'Kaos Polyester Abu,Hitam F07 -pe', 'L', 49430, 'ABUHTM-polaF07'),
('L-kaos-pe-ABUHTM-polaF08', 'Kaos Polyester Abu,Hitam F08 -pe', 'L', 49440, 'ABUHTM-polaF08'),
('L-kaos-pe-KNGKNG-polaF01', 'Kaos Polyester Kuning F01 -pe', 'L', 48890, 'KNGKNG-polaF01'),
('L-kaos-pe-KNGKNG-polaF02', 'Kaos Polyester Kuning F02 -pe', 'L', 48900, 'KNGKNG-polaF02'),
('L-kaos-pe-KNGKNG-polaF03', 'Kaos Polyester Kuning F03 -pe', 'L', 48910, 'KNGKNG-polaF03'),
('L-kaos-pe-KNGKNG-polaF04', 'Kaos Polyester Kuning F04 -pe', 'L', 48920, 'KNGKNG-polaF04'),
('L-kaos-pe-KNGKNG-polaF05', 'Kaos Polyester Kuning F05 -pe', 'L', 48930, 'KNGKNG-polaF05'),
('L-kaos-pe-KNGKNG-polaF06', 'Kaos Polyester Kuning F06 -pe', 'L', 48940, 'KNGKNG-polaF06'),
('L-kaos-pe-KNGKNG-polaF07', 'Kaos Polyester Kuning F07 -pe', 'L', 48950, 'KNGKNG-polaF07'),
('L-kaos-pe-KNGKNG-polaF08', 'Kaos Polyester Kuning F08 -pe', 'L', 48960, 'KNGKNG-polaF08'),
('L-kaos-pe-NVYHTM-polaF01', 'Kaos Polyester Navy, Hitam F01 -pe', 'L', 50330, 'NVYHTM-polaF01'),
('L-kaos-pe-NVYHTM-polaF02', 'Kaos Polyester Navy, Hitam F02 -pe', 'L', 50340, 'NVYHTM-polaF02'),
('L-kaos-pe-NVYHTM-polaF03', 'Kaos Polyester Navy, Hitam F03 -pe', 'L', 50350, 'NVYHTM-polaF03'),
('L-kaos-pe-NVYHTM-polaF04', 'Kaos Polyester Navy, Hitam F04 -pe', 'L', 50360, 'NVYHTM-polaF04'),
('L-kaos-pe-NVYHTM-polaF05', 'Kaos Polyester Navy, Hitam F05 -pe', 'L', 50370, 'NVYHTM-polaF05'),
('L-kaos-pe-NVYHTM-polaF06', 'Kaos Polyester Navy, Hitam F06 -pe', 'L', 50380, 'NVYHTM-polaF06'),
('L-kaos-pe-NVYHTM-polaF07', 'Kaos Polyester Navy, Hitam F07 -pe', 'L', 50390, 'NVYHTM-polaF07'),
('L-kaos-pe-NVYHTM-polaF08', 'Kaos Polyester Navy, Hitam F08 -pe', 'L', 50400, 'NVYHTM-polaF08'),
('L-kaos-pe-PTHPTH-polaF01', 'Kaos Polyester Putih F01 -pe', 'L', 49850, 'PTHPTH-polaF01'),
('L-kaos-pe-PTHPTH-polaF02', 'Kaos Polyester Putih F02 -pe', 'L', 49860, 'PTHPTH-polaF02'),
('L-kaos-pe-PTHPTH-polaF03', 'Kaos Polyester Putih F03 -pe', 'L', 49870, 'PTHPTH-polaF03'),
('L-kaos-pe-PTHPTH-polaF04', 'Kaos Polyester Putih F04 -pe', 'L', 49880, 'PTHPTH-polaF04'),
('L-kaos-pe-PTHPTH-polaF05', 'Kaos Polyester Putih F05 -pe', 'L', 49890, 'PTHPTH-polaF05'),
('L-kaos-pe-PTHPTH-polaF06', 'Kaos Polyester Putih F06 -pe', 'L', 49900, 'PTHPTH-polaF06'),
('L-kaos-pe-PTHPTH-polaF07', 'Kaos Polyester Putih F07 -pe', 'L', 49910, 'PTHPTH-polaF07'),
('L-kaos-pe-PTHPTH-polaF08', 'Kaos Polyester Putih F08 -pe', 'L', 49920, 'PTHPTH-polaF08'),
('L-kaos-tc-ABUABU-polaC01', 'Kaos Teteron Cotton Abu-Abu C01 -tc', 'L', 50090, 'ABUABU-polaC01'),
('L-kaos-tc-ABUABU-polaC02', 'Kaos Teteron Cotton Abu-Abu C02 -tc', 'L', 50100, 'ABUABU-polaC02'),
('L-kaos-tc-ABUABU-polaC03', 'Kaos Teteron Cotton Abu-Abu C03 -tc', 'L', 50110, 'ABUABU-polaC03'),
('L-kaos-tc-ABUABU-polaC04', 'Kaos Teteron Cotton Abu-Abu C04 -tc', 'L', 50120, 'ABUABU-polaC04'),
('L-kaos-tc-ABUABU-polaC05', 'Kaos Teteron Cotton Abu-Abu C05 -tc', 'L', 50130, 'ABUABU-polaC05'),
('L-kaos-tc-ABUABU-polaC06', 'Kaos Teteron Cotton Abu-Abu C06 -tc', 'L', 50140, 'ABUABU-polaC06'),
('L-kaos-tc-ABUABU-polaC07', 'Kaos Teteron Cotton Abu-Abu C07 -tc', 'L', 50150, 'ABUABU-polaC07'),
('L-kaos-tc-ABUABU-polaC08', 'Kaos Teteron Cotton Abu-Abu C08 -tc', 'L', 50160, 'ABUABU-polaC08'),
('L-kaos-tc-HTMHTM-polaC01', 'Kaos Teteron Cotton Hitam C01 -tc', 'L', 49130, 'HTMHTM-polaC01'),
('L-kaos-tc-HTMHTM-polaC02', 'Kaos Teteron Cotton Hitam C02 -tc', 'L', 49140, 'HTMHTM-polaC02'),
('L-kaos-tc-HTMHTM-polaC03', 'Kaos Teteron Cotton Hitam C03 -tc', 'L', 49150, 'HTMHTM-polaC03'),
('L-kaos-tc-HTMHTM-polaC04', 'Kaos Teteron Cotton Hitam C04 -tc', 'L', 49160, 'HTMHTM-polaC04'),
('L-kaos-tc-HTMHTM-polaC05', 'Kaos Teteron Cotton Hitam C05 -tc', 'L', 49170, 'HTMHTM-polaC05'),
('L-kaos-tc-HTMHTM-polaC06', 'Kaos Teteron Cotton Hitam C06 -tc', 'L', 49180, 'HTMHTM-polaC06'),
('L-kaos-tc-HTMHTM-polaC07', 'Kaos Teteron Cotton Hitam C07 -tc', 'L', 49190, 'HTMHTM-polaC07'),
('L-kaos-tc-HTMHTM-polaC08', 'Kaos Teteron Cotton Hitam C08 -tc', 'L', 49200, 'HTMHTM-polaC08'),
('L-kaos-tc-HTMPTH-polaC01', 'Kaos Teteron Cotton hitam,Putih C01 -tc', 'L', 48650, 'HTMPTH-polaC01'),
('L-kaos-tc-HTMPTH-polaC02', 'Kaos Teteron Cotton hitam,Putih C02 -tc', 'L', 48660, 'HTMPTH-polaC02'),
('L-kaos-tc-HTMPTH-polaC03', 'Kaos Teteron Cotton hitam,Putih C03 -tc', 'L', 48670, 'HTMPTH-polaC03'),
('L-kaos-tc-HTMPTH-polaC04', 'Kaos Teteron Cotton hitam,Putih C04 -tc', 'L', 48680, 'HTMPTH-polaC04'),
('L-kaos-tc-HTMPTH-polaC05', 'Kaos Teteron Cotton hitam,Putih C05 -tc', 'L', 48690, 'HTMPTH-polaC05'),
('L-kaos-tc-HTMPTH-polaC06', 'Kaos Teteron Cotton hitam,Putih C06 -tc', 'L', 48700, 'HTMPTH-polaC06'),
('L-kaos-tc-HTMPTH-polaC07', 'Kaos Teteron Cotton hitam,Putih C07 -tc', 'L', 48710, 'HTMPTH-polaC07'),
('L-kaos-tc-HTMPTH-polaC08', 'Kaos Teteron Cotton hitam,Putih C08 -tc', 'L', 48720, 'HTMPTH-polaC08'),
('L-kaos-tc-MRNMRN-polaC01', 'Kaos Teteron Cotton Merah Marun C01 -tc', 'L', 49610, 'MRNMRN-polaC01'),
('L-kaos-tc-MRNMRN-polaC02', 'Kaos Teteron Cotton Merah Marun C02 -tc', 'L', 49620, 'MRNMRN-polaC02'),
('L-kaos-tc-MRNMRN-polaC03', 'Kaos Teteron Cotton Merah Marun C03 -tc', 'L', 49630, 'MRNMRN-polaC03'),
('L-kaos-tc-MRNMRN-polaC04', 'Kaos Teteron Cotton Merah Marun C04 -tc', 'L', 49640, 'MRNMRN-polaC04'),
('L-kaos-tc-MRNMRN-polaC05', 'Kaos Teteron Cotton Merah Marun C05 -tc', 'L', 49650, 'MRNMRN-polaC05'),
('L-kaos-tc-MRNMRN-polaC06', 'Kaos Teteron Cotton Merah Marun C06 -tc', 'L', 49660, 'MRNMRN-polaC06'),
('L-kaos-tc-MRNMRN-polaC07', 'Kaos Teteron Cotton Merah Marun C07 -tc', 'L', 49670, 'MRNMRN-polaC07'),
('L-kaos-tc-MRNMRN-polaC08', 'Kaos Teteron Cotton Merah Marun C08 -tc', 'L', 49680, 'MRNMRN-polaC08'),
('L-kaos-vscs-ABUHTM-polaD01', 'Kaos Viscose Abu,Hitam D01 scs', 'L', 48730, 'ABUHTM-polaD01'),
('L-kaos-vscs-ABUHTM-polaD02', 'Kaos Viscose Abu,Hitam D02 scs', 'L', 48740, 'ABUHTM-polaD02'),
('L-kaos-vscs-ABUHTM-polaD03', 'Kaos Viscose Abu,Hitam D03 scs', 'L', 48750, 'ABUHTM-polaD03'),
('L-kaos-vscs-ABUHTM-polaD04', 'Kaos Viscose Abu,Hitam D04 scs', 'L', 48760, 'ABUHTM-polaD04'),
('L-kaos-vscs-ABUHTM-polaD05', 'Kaos Viscose Abu,Hitam D05 scs', 'L', 48770, 'ABUHTM-polaD05'),
('L-kaos-vscs-ABUHTM-polaD06', 'Kaos Viscose Abu,Hitam D06 scs', 'L', 48780, 'ABUHTM-polaD06'),
('L-kaos-vscs-ABUHTM-polaD07', 'Kaos Viscose Abu,Hitam D07 scs', 'L', 48790, 'ABUHTM-polaD07'),
('L-kaos-vscs-ABUHTM-polaD08', 'Kaos Viscose Abu,Hitam D08 scs', 'L', 48800, 'ABUHTM-polaD08'),
('L-kaos-vscs-KNGKNG-polaD01', 'Kaos Viscose Kuning D01 scs', 'L', 50170, 'KNGKNG-polaD01'),
('L-kaos-vscs-KNGKNG-polaD02', 'Kaos Viscose Kuning D02 scs', 'L', 50180, 'KNGKNG-polaD02'),
('L-kaos-vscs-KNGKNG-polaD03', 'Kaos Viscose Kuning D03 scs', 'L', 50190, 'KNGKNG-polaD03'),
('L-kaos-vscs-KNGKNG-polaD04', 'Kaos Viscose Kuning D04 scs', 'L', 50200, 'KNGKNG-polaD04'),
('L-kaos-vscs-KNGKNG-polaD05', 'Kaos Viscose Kuning D05 scs', 'L', 50210, 'KNGKNG-polaD05'),
('L-kaos-vscs-KNGKNG-polaD06', 'Kaos Viscose Kuning D06 scs', 'L', 50220, 'KNGKNG-polaD06'),
('L-kaos-vscs-KNGKNG-polaD07', 'Kaos Viscose Kuning D07 scs', 'L', 50230, 'KNGKNG-polaD07'),
('L-kaos-vscs-KNGKNG-polaD08', 'Kaos Viscose Kuning D08 scs', 'L', 50240, 'KNGKNG-polaD08'),
('L-kaos-vscs-NVYHTM-polaD01', 'Kaos Viscose Navy, Hitam D01 scs', 'L', 49690, 'NVYHTM-polaD01'),
('L-kaos-vscs-NVYHTM-polaD02', 'Kaos Viscose Navy, Hitam D02 scs', 'L', 49700, 'NVYHTM-polaD02'),
('L-kaos-vscs-NVYHTM-polaD03', 'Kaos Viscose Navy, Hitam D03 scs', 'L', 49710, 'NVYHTM-polaD03'),
('L-kaos-vscs-NVYHTM-polaD04', 'Kaos Viscose Navy, Hitam D04 scs', 'L', 49720, 'NVYHTM-polaD04'),
('L-kaos-vscs-NVYHTM-polaD05', 'Kaos Viscose Navy, Hitam D05 scs', 'L', 49730, 'NVYHTM-polaD05'),
('L-kaos-vscs-NVYHTM-polaD06', 'Kaos Viscose Navy, Hitam D06 scs', 'L', 49740, 'NVYHTM-polaD06'),
('L-kaos-vscs-NVYHTM-polaD07', 'Kaos Viscose Navy, Hitam D07 scs', 'L', 49750, 'NVYHTM-polaD07'),
('L-kaos-vscs-NVYHTM-polaD08', 'Kaos Viscose Navy, Hitam D08 scs', 'L', 49760, 'NVYHTM-polaD08'),
('L-kaos-vscs-PTHPTH-polaD01', 'Kaos Viscose Putih D01 scs', 'L', 49210, 'PTHPTH-polaD01'),
('L-kaos-vscs-PTHPTH-polaD02', 'Kaos Viscose Putih D02 scs', 'L', 49220, 'PTHPTH-polaD02'),
('L-kaos-vscs-PTHPTH-polaD03', 'Kaos Viscose Putih D03 scs', 'L', 49230, 'PTHPTH-polaD03'),
('L-kaos-vscs-PTHPTH-polaD04', 'Kaos Viscose Putih D04 scs', 'L', 49240, 'PTHPTH-polaD04'),
('L-kaos-vscs-PTHPTH-polaD05', 'Kaos Viscose Putih D05 scs', 'L', 49250, 'PTHPTH-polaD05'),
('L-kaos-vscs-PTHPTH-polaD06', 'Kaos Viscose Putih D06 scs', 'L', 49260, 'PTHPTH-polaD06'),
('L-kaos-vscs-PTHPTH-polaD07', 'Kaos Viscose Putih D07 scs', 'L', 49270, 'PTHPTH-polaD07'),
('L-kaos-vscs-PTHPTH-polaD08', 'Kaos Viscose Putih D08 scs', 'L', 49280, 'PTHPTH-polaD08'),
('M-kaos-crdt30s-ABUHTM-polaB01', 'Kaos Cardet Abu,Hitam B01 30s', 'M', 48090, 'ABUHTM-polaB01'),
('M-kaos-crdt30s-ABUHTM-polaB02', 'Kaos Cardet Abu,Hitam B02 30s', 'M', 48100, 'ABUHTM-polaB02'),
('M-kaos-crdt30s-ABUHTM-polaB03', 'Kaos Cardet Abu,Hitam B03 30s', 'M', 48110, 'ABUHTM-polaB03'),
('M-kaos-crdt30s-ABUHTM-polaB04', 'Kaos Cardet Abu,Hitam B04 30s', 'M', 48120, 'ABUHTM-polaB04'),
('M-kaos-crdt30s-ABUHTM-polaB05', 'Kaos Cardet Abu,Hitam B05 30s', 'M', 48130, 'ABUHTM-polaB05'),
('M-kaos-crdt30s-ABUHTM-polaB06', 'Kaos Cardet Abu,Hitam B06 30s', 'M', 48140, 'ABUHTM-polaB06'),
('M-kaos-crdt30s-ABUHTM-polaB07', 'Kaos Cardet Abu,Hitam B07 30s', 'M', 48150, 'ABUHTM-polaB07'),
('M-kaos-crdt30s-ABUHTM-polaB08', 'Kaos Cardet Abu,Hitam B08 30s', 'M', 48160, 'ABUHTM-polaB08'),
('M-kaos-crdt30s-KNGKNG-polaB01', 'Kaos Cardet Kuning B01 30s', 'M', 47610, 'KNGKNG-polaB01'),
('M-kaos-crdt30s-KNGKNG-polaB02', 'Kaos Cardet Kuning B02 30s', 'M', 47620, 'KNGKNG-polaB02'),
('M-kaos-crdt30s-KNGKNG-polaB03', 'Kaos Cardet Kuning B03 30s', 'M', 47630, 'KNGKNG-polaB03'),
('M-kaos-crdt30s-KNGKNG-polaB04', 'Kaos Cardet Kuning B04 30s', 'M', 47640, 'KNGKNG-polaB04'),
('M-kaos-crdt30s-KNGKNG-polaB05', 'Kaos Cardet Kuning B05 30s', 'M', 47650, 'KNGKNG-polaB05'),
('M-kaos-crdt30s-KNGKNG-polaB06', 'Kaos Cardet Kuning B06 30s', 'M', 47660, 'KNGKNG-polaB06'),
('M-kaos-crdt30s-KNGKNG-polaB07', 'Kaos Cardet Kuning B07 30s', 'M', 47670, 'KNGKNG-polaB07'),
('M-kaos-crdt30s-KNGKNG-polaB08', 'Kaos Cardet Kuning B08 30s', 'M', 47680, 'KNGKNG-polaB08'),
('M-kaos-crdt30s-NVYHTM-polaB01', 'Kaos Cardet Navy, Hitam B01 30s', 'M', 47130, 'NVYHTM-polaB01'),
('M-kaos-crdt30s-NVYHTM-polaB02', 'Kaos Cardet Navy, Hitam B02 30s', 'M', 47140, 'NVYHTM-polaB02'),
('M-kaos-crdt30s-NVYHTM-polaB03', 'Kaos Cardet Navy, Hitam B03 30s', 'M', 47150, 'NVYHTM-polaB03'),
('M-kaos-crdt30s-NVYHTM-polaB04', 'Kaos Cardet Navy, Hitam B04 30s', 'M', 47160, 'NVYHTM-polaB04'),
('M-kaos-crdt30s-NVYHTM-polaB05', 'Kaos Cardet Navy, Hitam B05 30s', 'M', 47170, 'NVYHTM-polaB05'),
('M-kaos-crdt30s-NVYHTM-polaB06', 'Kaos Cardet Navy, Hitam B06 30s', 'M', 47180, 'NVYHTM-polaB06'),
('M-kaos-crdt30s-NVYHTM-polaB07', 'Kaos Cardet Navy, Hitam B07 30s', 'M', 47190, 'NVYHTM-polaB07'),
('M-kaos-crdt30s-NVYHTM-polaB08', 'Kaos Cardet Navy, Hitam B08 30s', 'M', 47200, 'NVYHTM-polaB08'),
('M-kaos-crdt30s-PTHPTH-polaB01', 'Kaos Cardet Putih B01 30s', 'M', 46650, 'PTHPTH-polaB01'),
('M-kaos-crdt30s-PTHPTH-polaB02', 'Kaos Cardet Putih B02 30s', 'M', 46660, 'PTHPTH-polaB02'),
('M-kaos-crdt30s-PTHPTH-polaB03', 'Kaos Cardet Putih B03 30s', 'M', 46670, 'PTHPTH-polaB03'),
('M-kaos-crdt30s-PTHPTH-polaB04', 'Kaos Cardet Putih B04 30s', 'M', 46680, 'PTHPTH-polaB04'),
('M-kaos-crdt30s-PTHPTH-polaB05', 'Kaos Cardet Putih B05 30s', 'M', 46690, 'PTHPTH-polaB05'),
('M-kaos-crdt30s-PTHPTH-polaB06', 'Kaos Cardet Putih B06 30s', 'M', 46700, 'PTHPTH-polaB06'),
('M-kaos-crdt30s-PTHPTH-polaB07', 'Kaos Cardet Putih B07 30s', 'M', 46710, 'PTHPTH-polaB07'),
('M-kaos-crdt30s-PTHPTH-polaB08', 'Kaos Cardet Putih B08 30s', 'M', 46720, 'PTHPTH-polaB08'),
('M-kaos-cvc-ABUABU-polaE01', 'Kaos Cotton Viscose Abu-Abu E01 cvc', 'M', 46890, 'ABUABU-polaE01'),
('M-kaos-cvc-ABUABU-polaE02', 'Kaos Cotton Viscose Abu-Abu E02 cvc', 'M', 46900, 'ABUABU-polaE02'),
('M-kaos-cvc-ABUABU-polaE03', 'Kaos Cotton Viscose Abu-Abu E03 cvc', 'M', 46910, 'ABUABU-polaE03'),
('M-kaos-cvc-ABUABU-polaE04', 'Kaos Cotton Viscose Abu-Abu E04 cvc', 'M', 46920, 'ABUABU-polaE04'),
('M-kaos-cvc-ABUABU-polaE05', 'Kaos Cotton Viscose Abu-Abu E05 cvc', 'M', 46930, 'ABUABU-polaE05'),
('M-kaos-cvc-ABUABU-polaE06', 'Kaos Cotton Viscose Abu-Abu E06 cvc', 'M', 46940, 'ABUABU-polaE06'),
('M-kaos-cvc-ABUABU-polaE07', 'Kaos Cotton Viscose Abu-Abu E07 cvc', 'M', 46950, 'ABUABU-polaE07'),
('M-kaos-cvc-ABUABU-polaE08', 'Kaos Cotton Viscose Abu-Abu E08 cvc', 'M', 46960, 'ABUABU-polaE08'),
('M-kaos-cvc-HTMHTM-polaE01', 'Kaos Cotton Viscose Hitam E01 cvc', 'M', 47850, 'HTMHTM-polaE01'),
('M-kaos-cvc-HTMHTM-polaE02', 'Kaos Cotton Viscose Hitam E02 cvc', 'M', 47860, 'HTMHTM-polaE02'),
('M-kaos-cvc-HTMHTM-polaE03', 'Kaos Cotton Viscose Hitam E03 cvc', 'M', 47870, 'HTMHTM-polaE03'),
('M-kaos-cvc-HTMHTM-polaE04', 'Kaos Cotton Viscose Hitam E04 cvc', 'M', 47880, 'HTMHTM-polaE04'),
('M-kaos-cvc-HTMHTM-polaE05', 'Kaos Cotton Viscose Hitam E05 cvc', 'M', 47890, 'HTMHTM-polaE05'),
('M-kaos-cvc-HTMHTM-polaE06', 'Kaos Cotton Viscose Hitam E06 cvc', 'M', 47900, 'HTMHTM-polaE06'),
('M-kaos-cvc-HTMHTM-polaE07', 'Kaos Cotton Viscose Hitam E07 cvc', 'M', 47910, 'HTMHTM-polaE07'),
('M-kaos-cvc-HTMHTM-polaE08', 'Kaos Cotton Viscose Hitam E08 cvc', 'M', 47920, 'HTMHTM-polaE08'),
('M-kaos-cvc-HTMPTH-polaE01', 'Kaos Cotton Viscose hitam,Putih E01 cvc', 'M', 47370, 'HTMPTH-polaE01'),
('M-kaos-cvc-HTMPTH-polaE02', 'Kaos Cotton Viscose hitam,Putih E02 cvc', 'M', 47380, 'HTMPTH-polaE02'),
('M-kaos-cvc-HTMPTH-polaE03', 'Kaos Cotton Viscose hitam,Putih E03 cvc', 'M', 47390, 'HTMPTH-polaE03'),
('M-kaos-cvc-HTMPTH-polaE04', 'Kaos Cotton Viscose hitam,Putih E04 cvc', 'M', 47400, 'HTMPTH-polaE04'),
('M-kaos-cvc-HTMPTH-polaE05', 'Kaos Cotton Viscose hitam,Putih E05 cvc', 'M', 47410, 'HTMPTH-polaE05'),
('M-kaos-cvc-HTMPTH-polaE06', 'Kaos Cotton Viscose hitam,Putih E06 cvc', 'M', 47420, 'HTMPTH-polaE06'),
('M-kaos-cvc-HTMPTH-polaE07', 'Kaos Cotton Viscose hitam,Putih E07 cvc', 'M', 47430, 'HTMPTH-polaE07'),
('M-kaos-cvc-HTMPTH-polaE08', 'Kaos Cotton Viscose hitam,Putih E08 cvc', 'M', 47440, 'HTMPTH-polaE08'),
('M-kaos-cvc-MRNMRN-polaE01', 'Kaos Cotton Viscose Merah Marun E01 cvc', 'M', 48330, 'MRNMRN-polaE01'),
('M-kaos-cvc-MRNMRN-polaE02', 'Kaos Cotton Viscose Merah Marun E02 cvc', 'M', 48340, 'MRNMRN-polaE02'),
('M-kaos-cvc-MRNMRN-polaE03', 'Kaos Cotton Viscose Merah Marun E03 cvc', 'M', 48350, 'MRNMRN-polaE03'),
('M-kaos-cvc-MRNMRN-polaE04', 'Kaos Cotton Viscose Merah Marun E04 cvc', 'M', 48360, 'MRNMRN-polaE04'),
('M-kaos-cvc-MRNMRN-polaE05', 'Kaos Cotton Viscose Merah Marun E05 cvc', 'M', 48370, 'MRNMRN-polaE05'),
('M-kaos-cvc-MRNMRN-polaE06', 'Kaos Cotton Viscose Merah Marun E06 cvc', 'M', 48380, 'MRNMRN-polaE06'),
('M-kaos-cvc-MRNMRN-polaE07', 'Kaos Cotton Viscose Merah Marun E07 cvc', 'M', 48390, 'MRNMRN-polaE07'),
('M-kaos-cvc-MRNMRN-polaE08', 'Kaos Cotton Viscose Merah Marun E08 cvc', 'M', 48400, 'MRNMRN-polaE08'),
('M-kaos-ktn24s-ABUABU-polaA01', 'Kaos Katun Abu-Abu A01 24s', 'M', 47530, 'ABUABU-polaA01'),
('M-kaos-ktn24s-ABUABU-polaA02', 'Kaos Katun Abu-Abu A02 24s', 'M', 47540, 'ABUABU-polaA02'),
('M-kaos-ktn24s-ABUABU-polaA03', 'Kaos Katun Abu-Abu A03 24s', 'M', 47550, 'ABUABU-polaA03'),
('M-kaos-ktn24s-ABUABU-polaA04', 'Kaos Katun Abu-Abu A04 24s', 'M', 47560, 'ABUABU-polaA04'),
('M-kaos-ktn24s-ABUABU-polaA05', 'Kaos Katun Abu-Abu A05 24s', 'M', 47570, 'ABUABU-polaA05'),
('M-kaos-ktn24s-ABUABU-polaA06', 'Kaos Katun Abu-Abu A06 24s', 'M', 47580, 'ABUABU-polaA06'),
('M-kaos-ktn24s-ABUABU-polaA07', 'Kaos Katun Abu-Abu A07 24s', 'M', 47590, 'ABUABU-polaA07'),
('M-kaos-ktn24s-ABUABU-polaA08', 'Kaos Katun Abu-Abu A08 24s', 'M', 47600, 'ABUABU-polaA08'),
('M-kaos-ktn24s-HTMHTM-polaA01', 'Kaos Katun Hitam A01 24s', 'M', 46570, 'HTMHTM-polaA01'),
('M-kaos-ktn24s-HTMHTM-polaA02', 'Kaos Katun Hitam A02 24s', 'M', 46580, 'HTMHTM-polaA02'),
('M-kaos-ktn24s-HTMHTM-polaA03', 'Kaos Katun Hitam A03 24s', 'M', 46590, 'HTMHTM-polaA03'),
('M-kaos-ktn24s-HTMHTM-polaA04', 'Kaos Katun Hitam A04 24s', 'M', 46600, 'HTMHTM-polaA04'),
('M-kaos-ktn24s-HTMHTM-polaA05', 'Kaos Katun Hitam A05 24s', 'M', 46610, 'HTMHTM-polaA05'),
('M-kaos-ktn24s-HTMHTM-polaA06', 'Kaos Katun Hitam A06 24s', 'M', 46620, 'HTMHTM-polaA06'),
('M-kaos-ktn24s-HTMHTM-polaA07', 'Kaos Katun Hitam A07 24s', 'M', 46630, 'HTMHTM-polaA07'),
('M-kaos-ktn24s-HTMHTM-polaA08', 'Kaos Katun Hitam A08 24s', 'M', 46640, 'HTMHTM-polaA08'),
('M-kaos-ktn24s-HTMPTH-polaA01', 'Kaos Katun hitam,Putih A01 24s', 'M', 48010, 'HTMPTH-polaA01'),
('M-kaos-ktn24s-HTMPTH-polaA02', 'Kaos Katun hitam,Putih A02 24s', 'M', 48020, 'HTMPTH-polaA02'),
('M-kaos-ktn24s-HTMPTH-polaA03', 'Kaos Katun hitam,Putih A03 24s', 'M', 48030, 'HTMPTH-polaA03'),
('M-kaos-ktn24s-HTMPTH-polaA04', 'Kaos Katun hitam,Putih A04 24s', 'M', 48040, 'HTMPTH-polaA04'),
('M-kaos-ktn24s-HTMPTH-polaA05', 'Kaos Katun hitam,Putih A05 24s', 'M', 48050, 'HTMPTH-polaA05'),
('M-kaos-ktn24s-HTMPTH-polaA06', 'Kaos Katun hitam,Putih A06 24s', 'M', 48060, 'HTMPTH-polaA06'),
('M-kaos-ktn24s-HTMPTH-polaA07', 'Kaos Katun hitam,Putih A07 24s', 'M', 48070, 'HTMPTH-polaA07'),
('M-kaos-ktn24s-HTMPTH-polaA08', 'Kaos Katun hitam,Putih A08 24s', 'M', 48080, 'HTMPTH-polaA08'),
('M-kaos-ktn24s-MRNMRN-polaA01', 'Kaos Katun Merah Marun A01 24s', 'M', 47050, 'MRNMRN-polaA01'),
('M-kaos-ktn24s-MRNMRN-polaA02', 'Kaos Katun Merah Marun A02 24s', 'M', 47060, 'MRNMRN-polaA02'),
('M-kaos-ktn24s-MRNMRN-polaA03', 'Kaos Katun Merah Marun A03 24s', 'M', 47070, 'MRNMRN-polaA03'),
('M-kaos-ktn24s-MRNMRN-polaA04', 'Kaos Katun Merah Marun A04 24s', 'M', 47080, 'MRNMRN-polaA04'),
('M-kaos-ktn24s-MRNMRN-polaA05', 'Kaos Katun Merah Marun A05 24s', 'M', 47090, 'MRNMRN-polaA05'),
('M-kaos-ktn24s-MRNMRN-polaA06', 'Kaos Katun Merah Marun A06 24s', 'M', 47100, 'MRNMRN-polaA06'),
('M-kaos-ktn24s-MRNMRN-polaA07', 'Kaos Katun Merah Marun A07 24s', 'M', 47110, 'MRNMRN-polaA07'),
('M-kaos-ktn24s-MRNMRN-polaA08', 'Kaos Katun Merah Marun A08 24s', 'M', 47120, 'MRNMRN-polaA08'),
('M-kaos-pe-ABUHTM-polaF01', 'Kaos Polyester Abu,Hitam F01 -pe', 'M', 47450, 'ABUHTM-polaF01'),
('M-kaos-pe-ABUHTM-polaF02', 'Kaos Polyester Abu,Hitam F02 -pe', 'M', 47460, 'ABUHTM-polaF02'),
('M-kaos-pe-ABUHTM-polaF03', 'Kaos Polyester Abu,Hitam F03 -pe', 'M', 47470, 'ABUHTM-polaF03'),
('M-kaos-pe-ABUHTM-polaF04', 'Kaos Polyester Abu,Hitam F04 -pe', 'M', 47480, 'ABUHTM-polaF04'),
('M-kaos-pe-ABUHTM-polaF05', 'Kaos Polyester Abu,Hitam F05 -pe', 'M', 47490, 'ABUHTM-polaF05'),
('M-kaos-pe-ABUHTM-polaF06', 'Kaos Polyester Abu,Hitam F06 -pe', 'M', 47500, 'ABUHTM-polaF06'),
('M-kaos-pe-ABUHTM-polaF07', 'Kaos Polyester Abu,Hitam F07 -pe', 'M', 47510, 'ABUHTM-polaF07'),
('M-kaos-pe-ABUHTM-polaF08', 'Kaos Polyester Abu,Hitam F08 -pe', 'M', 47520, 'ABUHTM-polaF08'),
('M-kaos-pe-KNGKNG-polaF01', 'Kaos Polyester Kuning F01 -pe', 'M', 46970, 'KNGKNG-polaF01'),
('M-kaos-pe-KNGKNG-polaF02', 'Kaos Polyester Kuning F02 -pe', 'M', 46980, 'KNGKNG-polaF02'),
('M-kaos-pe-KNGKNG-polaF03', 'Kaos Polyester Kuning F03 -pe', 'M', 46990, 'KNGKNG-polaF03'),
('M-kaos-pe-KNGKNG-polaF04', 'Kaos Polyester Kuning F04 -pe', 'M', 47000, 'KNGKNG-polaF04'),
('M-kaos-pe-KNGKNG-polaF05', 'Kaos Polyester Kuning F05 -pe', 'M', 47010, 'KNGKNG-polaF05'),
('M-kaos-pe-KNGKNG-polaF06', 'Kaos Polyester Kuning F06 -pe', 'M', 47020, 'KNGKNG-polaF06'),
('M-kaos-pe-KNGKNG-polaF07', 'Kaos Polyester Kuning F07 -pe', 'M', 47030, 'KNGKNG-polaF07'),
('M-kaos-pe-KNGKNG-polaF08', 'Kaos Polyester Kuning F08 -pe', 'M', 47040, 'KNGKNG-polaF08'),
('M-kaos-pe-NVYHTM-polaF01', 'Kaos Polyester Navy, Hitam F01 -pe', 'M', 48410, 'NVYHTM-polaF01'),
('M-kaos-pe-NVYHTM-polaF02', 'Kaos Polyester Navy, Hitam F02 -pe', 'M', 48420, 'NVYHTM-polaF02'),
('M-kaos-pe-NVYHTM-polaF03', 'Kaos Polyester Navy, Hitam F03 -pe', 'M', 48430, 'NVYHTM-polaF03'),
('M-kaos-pe-NVYHTM-polaF04', 'Kaos Polyester Navy, Hitam F04 -pe', 'M', 48440, 'NVYHTM-polaF04'),
('M-kaos-pe-NVYHTM-polaF05', 'Kaos Polyester Navy, Hitam F05 -pe', 'M', 48450, 'NVYHTM-polaF05'),
('M-kaos-pe-NVYHTM-polaF06', 'Kaos Polyester Navy, Hitam F06 -pe', 'M', 48460, 'NVYHTM-polaF06'),
('M-kaos-pe-NVYHTM-polaF07', 'Kaos Polyester Navy, Hitam F07 -pe', 'M', 48470, 'NVYHTM-polaF07'),
('M-kaos-pe-NVYHTM-polaF08', 'Kaos Polyester Navy, Hitam F08 -pe', 'M', 48480, 'NVYHTM-polaF08'),
('M-kaos-pe-PTHPTH-polaF01', 'Kaos Polyester Putih F01 -pe', 'M', 47930, 'PTHPTH-polaF01'),
('M-kaos-pe-PTHPTH-polaF02', 'Kaos Polyester Putih F02 -pe', 'M', 47940, 'PTHPTH-polaF02'),
('M-kaos-pe-PTHPTH-polaF03', 'Kaos Polyester Putih F03 -pe', 'M', 47950, 'PTHPTH-polaF03'),
('M-kaos-pe-PTHPTH-polaF04', 'Kaos Polyester Putih F04 -pe', 'M', 47960, 'PTHPTH-polaF04'),
('M-kaos-pe-PTHPTH-polaF05', 'Kaos Polyester Putih F05 -pe', 'M', 47970, 'PTHPTH-polaF05'),
('M-kaos-pe-PTHPTH-polaF06', 'Kaos Polyester Putih F06 -pe', 'M', 47980, 'PTHPTH-polaF06'),
('M-kaos-pe-PTHPTH-polaF07', 'Kaos Polyester Putih F07 -pe', 'M', 47990, 'PTHPTH-polaF07'),
('M-kaos-pe-PTHPTH-polaF08', 'Kaos Polyester Putih F08 -pe', 'M', 48000, 'PTHPTH-polaF08'),
('M-kaos-tc-ABUABU-polaC01', 'Kaos Teteron Cotton Abu-Abu C01 -tc', 'M', 48170, 'ABUABU-polaC01'),
('M-kaos-tc-ABUABU-polaC02', 'Kaos Teteron Cotton Abu-Abu C02 -tc', 'M', 48180, 'ABUABU-polaC02'),
('M-kaos-tc-ABUABU-polaC03', 'Kaos Teteron Cotton Abu-Abu C03 -tc', 'M', 48190, 'ABUABU-polaC03'),
('M-kaos-tc-ABUABU-polaC04', 'Kaos Teteron Cotton Abu-Abu C04 -tc', 'M', 48200, 'ABUABU-polaC04'),
('M-kaos-tc-ABUABU-polaC05', 'Kaos Teteron Cotton Abu-Abu C05 -tc', 'M', 48210, 'ABUABU-polaC05'),
('M-kaos-tc-ABUABU-polaC06', 'Kaos Teteron Cotton Abu-Abu C06 -tc', 'M', 48220, 'ABUABU-polaC06'),
('M-kaos-tc-ABUABU-polaC07', 'Kaos Teteron Cotton Abu-Abu C07 -tc', 'M', 48230, 'ABUABU-polaC07'),
('M-kaos-tc-ABUABU-polaC08', 'Kaos Teteron Cotton Abu-Abu C08 -tc', 'M', 48240, 'ABUABU-polaC08'),
('M-kaos-tc-HTMHTM-polaC01', 'Kaos Teteron Cotton Hitam C01 -tc', 'M', 47210, 'HTMHTM-polaC01'),
('M-kaos-tc-HTMHTM-polaC02', 'Kaos Teteron Cotton Hitam C02 -tc', 'M', 47220, 'HTMHTM-polaC02'),
('M-kaos-tc-HTMHTM-polaC03', 'Kaos Teteron Cotton Hitam C03 -tc', 'M', 47230, 'HTMHTM-polaC03'),
('M-kaos-tc-HTMHTM-polaC04', 'Kaos Teteron Cotton Hitam C04 -tc', 'M', 47240, 'HTMHTM-polaC04'),
('M-kaos-tc-HTMHTM-polaC05', 'Kaos Teteron Cotton Hitam C05 -tc', 'M', 47250, 'HTMHTM-polaC05'),
('M-kaos-tc-HTMHTM-polaC06', 'Kaos Teteron Cotton Hitam C06 -tc', 'M', 47260, 'HTMHTM-polaC06'),
('M-kaos-tc-HTMHTM-polaC07', 'Kaos Teteron Cotton Hitam C07 -tc', 'M', 47270, 'HTMHTM-polaC07'),
('M-kaos-tc-HTMHTM-polaC08', 'Kaos Teteron Cotton Hitam C08 -tc', 'M', 47280, 'HTMHTM-polaC08'),
('M-kaos-tc-HTMPTH-polaC01', 'Kaos Teteron Cotton hitam,Putih C01 -tc', 'M', 46730, 'HTMPTH-polaC01'),
('M-kaos-tc-HTMPTH-polaC02', 'Kaos Teteron Cotton hitam,Putih C02 -tc', 'M', 46740, 'HTMPTH-polaC02'),
('M-kaos-tc-HTMPTH-polaC03', 'Kaos Teteron Cotton hitam,Putih C03 -tc', 'M', 46750, 'HTMPTH-polaC03'),
('M-kaos-tc-HTMPTH-polaC04', 'Kaos Teteron Cotton hitam,Putih C04 -tc', 'M', 46760, 'HTMPTH-polaC04'),
('M-kaos-tc-HTMPTH-polaC05', 'Kaos Teteron Cotton hitam,Putih C05 -tc', 'M', 46770, 'HTMPTH-polaC05'),
('M-kaos-tc-HTMPTH-polaC06', 'Kaos Teteron Cotton hitam,Putih C06 -tc', 'M', 46780, 'HTMPTH-polaC06'),
('M-kaos-tc-HTMPTH-polaC07', 'Kaos Teteron Cotton hitam,Putih C07 -tc', 'M', 46790, 'HTMPTH-polaC07'),
('M-kaos-tc-HTMPTH-polaC08', 'Kaos Teteron Cotton hitam,Putih C08 -tc', 'M', 46800, 'HTMPTH-polaC08'),
('M-kaos-tc-MRNMRN-polaC01', 'Kaos Teteron Cotton Merah Marun C01 -tc', 'M', 47690, 'MRNMRN-polaC01'),
('M-kaos-tc-MRNMRN-polaC02', 'Kaos Teteron Cotton Merah Marun C02 -tc', 'M', 47700, 'MRNMRN-polaC02'),
('M-kaos-tc-MRNMRN-polaC03', 'Kaos Teteron Cotton Merah Marun C03 -tc', 'M', 47710, 'MRNMRN-polaC03'),
('M-kaos-tc-MRNMRN-polaC04', 'Kaos Teteron Cotton Merah Marun C04 -tc', 'M', 47720, 'MRNMRN-polaC04'),
('M-kaos-tc-MRNMRN-polaC05', 'Kaos Teteron Cotton Merah Marun C05 -tc', 'M', 47730, 'MRNMRN-polaC05'),
('M-kaos-tc-MRNMRN-polaC06', 'Kaos Teteron Cotton Merah Marun C06 -tc', 'M', 47740, 'MRNMRN-polaC06'),
('M-kaos-tc-MRNMRN-polaC07', 'Kaos Teteron Cotton Merah Marun C07 -tc', 'M', 47750, 'MRNMRN-polaC07'),
('M-kaos-tc-MRNMRN-polaC08', 'Kaos Teteron Cotton Merah Marun C08 -tc', 'M', 47760, 'MRNMRN-polaC08'),
('M-kaos-vscs-ABUHTM-polaD01', 'Kaos Viscose Abu,Hitam D01 scs', 'M', 46810, 'ABUHTM-polaD01'),
('M-kaos-vscs-ABUHTM-polaD02', 'Kaos Viscose Abu,Hitam D02 scs', 'M', 46820, 'ABUHTM-polaD02'),
('M-kaos-vscs-ABUHTM-polaD03', 'Kaos Viscose Abu,Hitam D03 scs', 'M', 46830, 'ABUHTM-polaD03'),
('M-kaos-vscs-ABUHTM-polaD04', 'Kaos Viscose Abu,Hitam D04 scs', 'M', 46840, 'ABUHTM-polaD04'),
('M-kaos-vscs-ABUHTM-polaD05', 'Kaos Viscose Abu,Hitam D05 scs', 'M', 46850, 'ABUHTM-polaD05'),
('M-kaos-vscs-ABUHTM-polaD06', 'Kaos Viscose Abu,Hitam D06 scs', 'M', 46860, 'ABUHTM-polaD06'),
('M-kaos-vscs-ABUHTM-polaD07', 'Kaos Viscose Abu,Hitam D07 scs', 'M', 46870, 'ABUHTM-polaD07'),
('M-kaos-vscs-ABUHTM-polaD08', 'Kaos Viscose Abu,Hitam D08 scs', 'M', 46880, 'ABUHTM-polaD08'),
('M-kaos-vscs-KNGKNG-polaD01', 'Kaos Viscose Kuning D01 scs', 'M', 48250, 'KNGKNG-polaD01'),
('M-kaos-vscs-KNGKNG-polaD02', 'Kaos Viscose Kuning D02 scs', 'M', 48260, 'KNGKNG-polaD02'),
('M-kaos-vscs-KNGKNG-polaD03', 'Kaos Viscose Kuning D03 scs', 'M', 48270, 'KNGKNG-polaD03'),
('M-kaos-vscs-KNGKNG-polaD04', 'Kaos Viscose Kuning D04 scs', 'M', 48280, 'KNGKNG-polaD04'),
('M-kaos-vscs-KNGKNG-polaD05', 'Kaos Viscose Kuning D05 scs', 'M', 48290, 'KNGKNG-polaD05'),
('M-kaos-vscs-KNGKNG-polaD06', 'Kaos Viscose Kuning D06 scs', 'M', 48300, 'KNGKNG-polaD06'),
('M-kaos-vscs-KNGKNG-polaD07', 'Kaos Viscose Kuning D07 scs', 'M', 48310, 'KNGKNG-polaD07'),
('M-kaos-vscs-KNGKNG-polaD08', 'Kaos Viscose Kuning D08 scs', 'M', 48320, 'KNGKNG-polaD08'),
('M-kaos-vscs-NVYHTM-polaD01', 'Kaos Viscose Navy, Hitam D01 scs', 'M', 47770, 'NVYHTM-polaD01'),
('M-kaos-vscs-NVYHTM-polaD02', 'Kaos Viscose Navy, Hitam D02 scs', 'M', 47780, 'NVYHTM-polaD02'),
('M-kaos-vscs-NVYHTM-polaD03', 'Kaos Viscose Navy, Hitam D03 scs', 'M', 47790, 'NVYHTM-polaD03'),
('M-kaos-vscs-NVYHTM-polaD04', 'Kaos Viscose Navy, Hitam D04 scs', 'M', 47800, 'NVYHTM-polaD04'),
('M-kaos-vscs-NVYHTM-polaD05', 'Kaos Viscose Navy, Hitam D05 scs', 'M', 47810, 'NVYHTM-polaD05'),
('M-kaos-vscs-NVYHTM-polaD06', 'Kaos Viscose Navy, Hitam D06 scs', 'M', 47820, 'NVYHTM-polaD06'),
('M-kaos-vscs-NVYHTM-polaD07', 'Kaos Viscose Navy, Hitam D07 scs', 'M', 47830, 'NVYHTM-polaD07'),
('M-kaos-vscs-NVYHTM-polaD08', 'Kaos Viscose Navy, Hitam D08 scs', 'M', 47840, 'NVYHTM-polaD08'),
('M-kaos-vscs-PTHPTH-polaD01', 'Kaos Viscose Putih D01 scs', 'M', 47290, 'PTHPTH-polaD01'),
('M-kaos-vscs-PTHPTH-polaD02', 'Kaos Viscose Putih D02 scs', 'M', 47300, 'PTHPTH-polaD02'),
('M-kaos-vscs-PTHPTH-polaD03', 'Kaos Viscose Putih D03 scs', 'M', 47310, 'PTHPTH-polaD03'),
('M-kaos-vscs-PTHPTH-polaD04', 'Kaos Viscose Putih D04 scs', 'M', 47320, 'PTHPTH-polaD04'),
('M-kaos-vscs-PTHPTH-polaD05', 'Kaos Viscose Putih D05 scs', 'M', 47330, 'PTHPTH-polaD05'),
('M-kaos-vscs-PTHPTH-polaD06', 'Kaos Viscose Putih D06 scs', 'M', 47340, 'PTHPTH-polaD06'),
('M-kaos-vscs-PTHPTH-polaD07', 'Kaos Viscose Putih D07 scs', 'M', 47350, 'PTHPTH-polaD07'),
('M-kaos-vscs-PTHPTH-polaD08', 'Kaos Viscose Putih D08 scs', 'M', 47360, 'PTHPTH-polaD08'),
('S-kaos-crdt30s-ABUHTM-polaB01', 'Kaos Cardet Abu,Hitam B01 30s', 'S', 42330, 'ABUHTM-polaB01'),
('S-kaos-crdt30s-ABUHTM-polaB02', 'Kaos Cardet Abu,Hitam B02 30s', 'S', 42340, 'ABUHTM-polaB02'),
('S-kaos-crdt30s-ABUHTM-polaB03', 'Kaos Cardet Abu,Hitam B03 30s', 'S', 42350, 'ABUHTM-polaB03'),
('S-kaos-crdt30s-ABUHTM-polaB04', 'Kaos Cardet Abu,Hitam B04 30s', 'S', 42360, 'ABUHTM-polaB04'),
('S-kaos-crdt30s-ABUHTM-polaB05', 'Kaos Cardet Abu,Hitam B05 30s', 'S', 42370, 'ABUHTM-polaB05'),
('S-kaos-crdt30s-ABUHTM-polaB06', 'Kaos Cardet Abu,Hitam B06 30s', 'S', 42380, 'ABUHTM-polaB06'),
('S-kaos-crdt30s-ABUHTM-polaB07', 'Kaos Cardet Abu,Hitam B07 30s', 'S', 42390, 'ABUHTM-polaB07'),
('S-kaos-crdt30s-ABUHTM-polaB08', 'Kaos Cardet Abu,Hitam B08 30s', 'S', 42400, 'ABUHTM-polaB08'),
('S-kaos-crdt30s-KNGKNG-polaB01', 'Kaos Cardet Kuning B01 30s', 'S', 41850, 'KNGKNG-polaB01'),
('S-kaos-crdt30s-KNGKNG-polaB02', 'Kaos Cardet Kuning B02 30s', 'S', 41860, 'KNGKNG-polaB02'),
('S-kaos-crdt30s-KNGKNG-polaB03', 'Kaos Cardet Kuning B03 30s', 'S', 41870, 'KNGKNG-polaB03'),
('S-kaos-crdt30s-KNGKNG-polaB04', 'Kaos Cardet Kuning B04 30s', 'S', 41880, 'KNGKNG-polaB04'),
('S-kaos-crdt30s-KNGKNG-polaB05', 'Kaos Cardet Kuning B05 30s', 'S', 41890, 'KNGKNG-polaB05'),
('S-kaos-crdt30s-KNGKNG-polaB06', 'Kaos Cardet Kuning B06 30s', 'S', 41900, 'KNGKNG-polaB06'),
('S-kaos-crdt30s-KNGKNG-polaB07', 'Kaos Cardet Kuning B07 30s', 'S', 41910, 'KNGKNG-polaB07'),
('S-kaos-crdt30s-KNGKNG-polaB08', 'Kaos Cardet Kuning B08 30s', 'S', 41920, 'KNGKNG-polaB08'),
('S-kaos-crdt30s-NVYHTM-polaB01', 'Kaos Cardet Navy, Hitam B01 30s', 'S', 41370, 'NVYHTM-polaB01'),
('S-kaos-crdt30s-NVYHTM-polaB02', 'Kaos Cardet Navy, Hitam B02 30s', 'S', 41380, 'NVYHTM-polaB02'),
('S-kaos-crdt30s-NVYHTM-polaB03', 'Kaos Cardet Navy, Hitam B03 30s', 'S', 41390, 'NVYHTM-polaB03'),
('S-kaos-crdt30s-NVYHTM-polaB04', 'Kaos Cardet Navy, Hitam B04 30s', 'S', 41400, 'NVYHTM-polaB04'),
('S-kaos-crdt30s-NVYHTM-polaB05', 'Kaos Cardet Navy, Hitam B05 30s', 'S', 41410, 'NVYHTM-polaB05'),
('S-kaos-crdt30s-NVYHTM-polaB06', 'Kaos Cardet Navy, Hitam B06 30s', 'S', 41420, 'NVYHTM-polaB06'),
('S-kaos-crdt30s-NVYHTM-polaB07', 'Kaos Cardet Navy, Hitam B07 30s', 'S', 41430, 'NVYHTM-polaB07'),
('S-kaos-crdt30s-NVYHTM-polaB08', 'Kaos Cardet Navy, Hitam B08 30s', 'S', 41440, 'NVYHTM-polaB08'),
('S-kaos-crdt30s-PTHPTH-polaB01', 'Kaos Cardet Putih B01 30s', 'S', 40890, 'PTHPTH-polaB01'),
('S-kaos-crdt30s-PTHPTH-polaB02', 'Kaos Cardet Putih B02 30s', 'S', 40900, 'PTHPTH-polaB02'),
('S-kaos-crdt30s-PTHPTH-polaB03', 'Kaos Cardet Putih B03 30s', 'S', 40910, 'PTHPTH-polaB03'),
('S-kaos-crdt30s-PTHPTH-polaB04', 'Kaos Cardet Putih B04 30s', 'S', 40920, 'PTHPTH-polaB04'),
('S-kaos-crdt30s-PTHPTH-polaB05', 'Kaos Cardet Putih B05 30s', 'S', 40930, 'PTHPTH-polaB05'),
('S-kaos-crdt30s-PTHPTH-polaB06', 'Kaos Cardet Putih B06 30s', 'S', 40940, 'PTHPTH-polaB06'),
('S-kaos-crdt30s-PTHPTH-polaB07', 'Kaos Cardet Putih B07 30s', 'S', 40950, 'PTHPTH-polaB07'),
('S-kaos-crdt30s-PTHPTH-polaB08', 'Kaos Cardet Putih B08 30s', 'S', 40960, 'PTHPTH-polaB08'),
('S-kaos-cvc-ABUABU-polaE01', 'Kaos Cotton Viscose Abu-Abu E01 cvc', 'S', 41130, 'ABUABU-polaE01'),
('S-kaos-cvc-ABUABU-polaE02', 'Kaos Cotton Viscose Abu-Abu E02 cvc', 'S', 41140, 'ABUABU-polaE02'),
('S-kaos-cvc-ABUABU-polaE03', 'Kaos Cotton Viscose Abu-Abu E03 cvc', 'S', 41150, 'ABUABU-polaE03'),
('S-kaos-cvc-ABUABU-polaE04', 'Kaos Cotton Viscose Abu-Abu E04 cvc', 'S', 41160, 'ABUABU-polaE04'),
('S-kaos-cvc-ABUABU-polaE05', 'Kaos Cotton Viscose Abu-Abu E05 cvc', 'S', 41170, 'ABUABU-polaE05'),
('S-kaos-cvc-ABUABU-polaE06', 'Kaos Cotton Viscose Abu-Abu E06 cvc', 'S', 41180, 'ABUABU-polaE06'),
('S-kaos-cvc-ABUABU-polaE07', 'Kaos Cotton Viscose Abu-Abu E07 cvc', 'S', 41190, 'ABUABU-polaE07'),
('S-kaos-cvc-ABUABU-polaE08', 'Kaos Cotton Viscose Abu-Abu E08 cvc', 'S', 41200, 'ABUABU-polaE08'),
('S-kaos-cvc-HTMHTM-polaE01', 'Kaos Cotton Viscose Hitam E01 cvc', 'S', 42090, 'HTMHTM-polaE01'),
('S-kaos-cvc-HTMHTM-polaE02', 'Kaos Cotton Viscose Hitam E02 cvc', 'S', 42100, 'HTMHTM-polaE02'),
('S-kaos-cvc-HTMHTM-polaE03', 'Kaos Cotton Viscose Hitam E03 cvc', 'S', 42110, 'HTMHTM-polaE03'),
('S-kaos-cvc-HTMHTM-polaE04', 'Kaos Cotton Viscose Hitam E04 cvc', 'S', 42120, 'HTMHTM-polaE04'),
('S-kaos-cvc-HTMHTM-polaE05', 'Kaos Cotton Viscose Hitam E05 cvc', 'S', 42130, 'HTMHTM-polaE05'),
('S-kaos-cvc-HTMHTM-polaE06', 'Kaos Cotton Viscose Hitam E06 cvc', 'S', 42140, 'HTMHTM-polaE06'),
('S-kaos-cvc-HTMHTM-polaE07', 'Kaos Cotton Viscose Hitam E07 cvc', 'S', 42150, 'HTMHTM-polaE07'),
('S-kaos-cvc-HTMHTM-polaE08', 'Kaos Cotton Viscose Hitam E08 cvc', 'S', 42160, 'HTMHTM-polaE08'),
('S-kaos-cvc-HTMPTH-polaE01', 'Kaos Cotton Viscose hitam,Putih E01 cvc', 'S', 41610, 'HTMPTH-polaE01'),
('S-kaos-cvc-HTMPTH-polaE02', 'Kaos Cotton Viscose hitam,Putih E02 cvc', 'S', 41620, 'HTMPTH-polaE02'),
('S-kaos-cvc-HTMPTH-polaE03', 'Kaos Cotton Viscose hitam,Putih E03 cvc', 'S', 41630, 'HTMPTH-polaE03'),
('S-kaos-cvc-HTMPTH-polaE04', 'Kaos Cotton Viscose hitam,Putih E04 cvc', 'S', 41640, 'HTMPTH-polaE04'),
('S-kaos-cvc-HTMPTH-polaE05', 'Kaos Cotton Viscose hitam,Putih E05 cvc', 'S', 41650, 'HTMPTH-polaE05'),
('S-kaos-cvc-HTMPTH-polaE06', 'Kaos Cotton Viscose hitam,Putih E06 cvc', 'S', 41660, 'HTMPTH-polaE06'),
('S-kaos-cvc-HTMPTH-polaE07', 'Kaos Cotton Viscose hitam,Putih E07 cvc', 'S', 41670, 'HTMPTH-polaE07'),
('S-kaos-cvc-HTMPTH-polaE08', 'Kaos Cotton Viscose hitam,Putih E08 cvc', 'S', 41680, 'HTMPTH-polaE08'),
('S-kaos-cvc-MRNMRN-polaE01', 'Kaos Cotton Viscose Merah Marun E01 cvc', 'S', 42570, 'MRNMRN-polaE01'),
('S-kaos-cvc-MRNMRN-polaE02', 'Kaos Cotton Viscose Merah Marun E02 cvc', 'S', 42580, 'MRNMRN-polaE02'),
('S-kaos-cvc-MRNMRN-polaE03', 'Kaos Cotton Viscose Merah Marun E03 cvc', 'S', 42590, 'MRNMRN-polaE03'),
('S-kaos-cvc-MRNMRN-polaE04', 'Kaos Cotton Viscose Merah Marun E04 cvc', 'S', 42600, 'MRNMRN-polaE04'),
('S-kaos-cvc-MRNMRN-polaE05', 'Kaos Cotton Viscose Merah Marun E05 cvc', 'S', 42610, 'MRNMRN-polaE05'),
('S-kaos-cvc-MRNMRN-polaE06', 'Kaos Cotton Viscose Merah Marun E06 cvc', 'S', 42620, 'MRNMRN-polaE06'),
('S-kaos-cvc-MRNMRN-polaE07', 'Kaos Cotton Viscose Merah Marun E07 cvc', 'S', 42630, 'MRNMRN-polaE07'),
('S-kaos-cvc-MRNMRN-polaE08', 'Kaos Cotton Viscose Merah Marun E08 cvc', 'S', 42640, 'MRNMRN-polaE08'),
('S-kaos-ktn24s-ABUABU-polaA01', 'Kaos Katun Abu-Abu A01 24s', 'S', 41770, 'ABUABU-polaA01'),
('S-kaos-ktn24s-ABUABU-polaA02', 'Kaos Katun Abu-Abu A02 24s', 'S', 41780, 'ABUABU-polaA02'),
('S-kaos-ktn24s-ABUABU-polaA03', 'Kaos Katun Abu-Abu A03 24s', 'S', 41790, 'ABUABU-polaA03'),
('S-kaos-ktn24s-ABUABU-polaA04', 'Kaos Katun Abu-Abu A04 24s', 'S', 41800, 'ABUABU-polaA04'),
('S-kaos-ktn24s-ABUABU-polaA05', 'Kaos Katun Abu-Abu A05 24s', 'S', 41810, 'ABUABU-polaA05'),
('S-kaos-ktn24s-ABUABU-polaA06', 'Kaos Katun Abu-Abu A06 24s', 'S', 41820, 'ABUABU-polaA06'),
('S-kaos-ktn24s-ABUABU-polaA07', 'Kaos Katun Abu-Abu A07 24s', 'S', 41830, 'ABUABU-polaA07'),
('S-kaos-ktn24s-ABUABU-polaA08', 'Kaos Katun Abu-Abu A08 24s', 'S', 41840, 'ABUABU-polaA08'),
('S-kaos-ktn24s-HTMHTM-polaA01', 'Kaos Katun Hitam A01 24s', 'S', 40810, 'HTMHTM-polaA01'),
('S-kaos-ktn24s-HTMHTM-polaA02', 'Kaos Katun Hitam A02 24s', 'S', 40820, 'HTMHTM-polaA02'),
('S-kaos-ktn24s-HTMHTM-polaA03', 'Kaos Katun Hitam A03 24s', 'S', 40830, 'HTMHTM-polaA03'),
('S-kaos-ktn24s-HTMHTM-polaA04', 'Kaos Katun Hitam A04 24s', 'S', 40840, 'HTMHTM-polaA04'),
('S-kaos-ktn24s-HTMHTM-polaA05', 'Kaos Katun Hitam A05 24s', 'S', 40850, 'HTMHTM-polaA05'),
('S-kaos-ktn24s-HTMHTM-polaA06', 'Kaos Katun Hitam A06 24s', 'S', 40860, 'HTMHTM-polaA06'),
('S-kaos-ktn24s-HTMHTM-polaA07', 'Kaos Katun Hitam A07 24s', 'S', 40870, 'HTMHTM-polaA07'),
('S-kaos-ktn24s-HTMHTM-polaA08', 'Kaos Katun Hitam A08 24s', 'S', 40880, 'HTMHTM-polaA08'),
('S-kaos-ktn24s-HTMPTH-polaA01', 'Kaos Katun hitam,Putih A01 24s', 'S', 42250, 'HTMPTH-polaA01'),
('S-kaos-ktn24s-HTMPTH-polaA02', 'Kaos Katun hitam,Putih A02 24s', 'S', 42260, 'HTMPTH-polaA02'),
('S-kaos-ktn24s-HTMPTH-polaA03', 'Kaos Katun hitam,Putih A03 24s', 'S', 42270, 'HTMPTH-polaA03'),
('S-kaos-ktn24s-HTMPTH-polaA04', 'Kaos Katun hitam,Putih A04 24s', 'S', 42280, 'HTMPTH-polaA04'),
('S-kaos-ktn24s-HTMPTH-polaA05', 'Kaos Katun hitam,Putih A05 24s', 'S', 42290, 'HTMPTH-polaA05'),
('S-kaos-ktn24s-HTMPTH-polaA06', 'Kaos Katun hitam,Putih A06 24s', 'S', 42300, 'HTMPTH-polaA06'),
('S-kaos-ktn24s-HTMPTH-polaA07', 'Kaos Katun hitam,Putih A07 24s', 'S', 42310, 'HTMPTH-polaA07'),
('S-kaos-ktn24s-HTMPTH-polaA08', 'Kaos Katun hitam,Putih A08 24s', 'S', 42320, 'HTMPTH-polaA08'),
('S-kaos-ktn24s-MRNMRN-polaA01', 'Kaos Katun Merah Marun A01 24s', 'S', 41290, 'MRNMRN-polaA01'),
('S-kaos-ktn24s-MRNMRN-polaA02', 'Kaos Katun Merah Marun A02 24s', 'S', 41300, 'MRNMRN-polaA02'),
('S-kaos-ktn24s-MRNMRN-polaA03', 'Kaos Katun Merah Marun A03 24s', 'S', 41310, 'MRNMRN-polaA03'),
('S-kaos-ktn24s-MRNMRN-polaA04', 'Kaos Katun Merah Marun A04 24s', 'S', 41320, 'MRNMRN-polaA04'),
('S-kaos-ktn24s-MRNMRN-polaA05', 'Kaos Katun Merah Marun A05 24s', 'S', 41330, 'MRNMRN-polaA05'),
('S-kaos-ktn24s-MRNMRN-polaA06', 'Kaos Katun Merah Marun A06 24s', 'S', 41340, 'MRNMRN-polaA06'),
('S-kaos-ktn24s-MRNMRN-polaA07', 'Kaos Katun Merah Marun A07 24s', 'S', 41350, 'MRNMRN-polaA07'),
('S-kaos-ktn24s-MRNMRN-polaA08', 'Kaos Katun Merah Marun A08 24s', 'S', 41360, 'MRNMRN-polaA08'),
('S-kaos-pe-ABUHTM-polaF01', 'Kaos Polyester Abu,Hitam F01 -pe', 'S', 41690, 'ABUHTM-polaF01'),
('S-kaos-pe-ABUHTM-polaF02', 'Kaos Polyester Abu,Hitam F02 -pe', 'S', 41700, 'ABUHTM-polaF02'),
('S-kaos-pe-ABUHTM-polaF03', 'Kaos Polyester Abu,Hitam F03 -pe', 'S', 41710, 'ABUHTM-polaF03'),
('S-kaos-pe-ABUHTM-polaF04', 'Kaos Polyester Abu,Hitam F04 -pe', 'S', 41720, 'ABUHTM-polaF04'),
('S-kaos-pe-ABUHTM-polaF05', 'Kaos Polyester Abu,Hitam F05 -pe', 'S', 41730, 'ABUHTM-polaF05'),
('S-kaos-pe-ABUHTM-polaF06', 'Kaos Polyester Abu,Hitam F06 -pe', 'S', 41740, 'ABUHTM-polaF06'),
('S-kaos-pe-ABUHTM-polaF07', 'Kaos Polyester Abu,Hitam F07 -pe', 'S', 41750, 'ABUHTM-polaF07'),
('S-kaos-pe-ABUHTM-polaF08', 'Kaos Polyester Abu,Hitam F08 -pe', 'S', 41760, 'ABUHTM-polaF08'),
('S-kaos-pe-KNGKNG-polaF01', 'Kaos Polyester Kuning F01 -pe', 'S', 41210, 'KNGKNG-polaF01'),
('S-kaos-pe-KNGKNG-polaF02', 'Kaos Polyester Kuning F02 -pe', 'S', 41220, 'KNGKNG-polaF02'),
('S-kaos-pe-KNGKNG-polaF03', 'Kaos Polyester Kuning F03 -pe', 'S', 41230, 'KNGKNG-polaF03'),
('S-kaos-pe-KNGKNG-polaF04', 'Kaos Polyester Kuning F04 -pe', 'S', 41240, 'KNGKNG-polaF04'),
('S-kaos-pe-KNGKNG-polaF05', 'Kaos Polyester Kuning F05 -pe', 'S', 41250, 'KNGKNG-polaF05'),
('S-kaos-pe-KNGKNG-polaF06', 'Kaos Polyester Kuning F06 -pe', 'S', 41260, 'KNGKNG-polaF06'),
('S-kaos-pe-KNGKNG-polaF07', 'Kaos Polyester Kuning F07 -pe', 'S', 41270, 'KNGKNG-polaF07'),
('S-kaos-pe-KNGKNG-polaF08', 'Kaos Polyester Kuning F08 -pe', 'S', 41280, 'KNGKNG-polaF08'),
('S-kaos-pe-NVYHTM-polaF01', 'Kaos Polyester Navy, Hitam F01 -pe', 'S', 42650, 'NVYHTM-polaF01'),
('S-kaos-pe-NVYHTM-polaF02', 'Kaos Polyester Navy, Hitam F02 -pe', 'S', 42660, 'NVYHTM-polaF02'),
('S-kaos-pe-NVYHTM-polaF03', 'Kaos Polyester Navy, Hitam F03 -pe', 'S', 42670, 'NVYHTM-polaF03'),
('S-kaos-pe-NVYHTM-polaF04', 'Kaos Polyester Navy, Hitam F04 -pe', 'S', 42680, 'NVYHTM-polaF04'),
('S-kaos-pe-NVYHTM-polaF05', 'Kaos Polyester Navy, Hitam F05 -pe', 'S', 42690, 'NVYHTM-polaF05'),
('S-kaos-pe-NVYHTM-polaF06', 'Kaos Polyester Navy, Hitam F06 -pe', 'S', 42700, 'NVYHTM-polaF06'),
('S-kaos-pe-NVYHTM-polaF07', 'Kaos Polyester Navy, Hitam F07 -pe', 'S', 42710, 'NVYHTM-polaF07'),
('S-kaos-pe-NVYHTM-polaF08', 'Kaos Polyester Navy, Hitam F08 -pe', 'S', 42720, 'NVYHTM-polaF08'),
('S-kaos-pe-PTHPTH-polaF01', 'Kaos Polyester Putih F01 -pe', 'S', 42170, 'PTHPTH-polaF01'),
('S-kaos-pe-PTHPTH-polaF02', 'Kaos Polyester Putih F02 -pe', 'S', 42180, 'PTHPTH-polaF02'),
('S-kaos-pe-PTHPTH-polaF03', 'Kaos Polyester Putih F03 -pe', 'S', 42190, 'PTHPTH-polaF03'),
('S-kaos-pe-PTHPTH-polaF04', 'Kaos Polyester Putih F04 -pe', 'S', 42200, 'PTHPTH-polaF04'),
('S-kaos-pe-PTHPTH-polaF05', 'Kaos Polyester Putih F05 -pe', 'S', 42210, 'PTHPTH-polaF05'),
('S-kaos-pe-PTHPTH-polaF06', 'Kaos Polyester Putih F06 -pe', 'S', 42220, 'PTHPTH-polaF06'),
('S-kaos-pe-PTHPTH-polaF07', 'Kaos Polyester Putih F07 -pe', 'S', 42230, 'PTHPTH-polaF07'),
('S-kaos-pe-PTHPTH-polaF08', 'Kaos Polyester Putih F08 -pe', 'S', 42240, 'PTHPTH-polaF08'),
('S-kaos-tc-ABUABU-polaC01', 'Kaos Teteron Cotton Abu-Abu C01 -tc', 'S', 42410, 'ABUABU-polaC01'),
('S-kaos-tc-ABUABU-polaC02', 'Kaos Teteron Cotton Abu-Abu C02 -tc', 'S', 42420, 'ABUABU-polaC02'),
('S-kaos-tc-ABUABU-polaC03', 'Kaos Teteron Cotton Abu-Abu C03 -tc', 'S', 42430, 'ABUABU-polaC03'),
('S-kaos-tc-ABUABU-polaC04', 'Kaos Teteron Cotton Abu-Abu C04 -tc', 'S', 42440, 'ABUABU-polaC04'),
('S-kaos-tc-ABUABU-polaC05', 'Kaos Teteron Cotton Abu-Abu C05 -tc', 'S', 42450, 'ABUABU-polaC05'),
('S-kaos-tc-ABUABU-polaC06', 'Kaos Teteron Cotton Abu-Abu C06 -tc', 'S', 42460, 'ABUABU-polaC06'),
('S-kaos-tc-ABUABU-polaC07', 'Kaos Teteron Cotton Abu-Abu C07 -tc', 'S', 42470, 'ABUABU-polaC07'),
('S-kaos-tc-ABUABU-polaC08', 'Kaos Teteron Cotton Abu-Abu C08 -tc', 'S', 42480, 'ABUABU-polaC08'),
('S-kaos-tc-HTMHTM-polaC01', 'Kaos Teteron Cotton Hitam C01 -tc', 'S', 41450, 'HTMHTM-polaC01'),
('S-kaos-tc-HTMHTM-polaC02', 'Kaos Teteron Cotton Hitam C02 -tc', 'S', 41460, 'HTMHTM-polaC02'),
('S-kaos-tc-HTMHTM-polaC03', 'Kaos Teteron Cotton Hitam C03 -tc', 'S', 41470, 'HTMHTM-polaC03');
INSERT INTO `barang` (`KdBarang`, `NamaBrg`, `Ukuran`, `Harga`, `KdDesain`) VALUES
('S-kaos-tc-HTMHTM-polaC04', 'Kaos Teteron Cotton Hitam C04 -tc', 'S', 41480, 'HTMHTM-polaC04'),
('S-kaos-tc-HTMHTM-polaC05', 'Kaos Teteron Cotton Hitam C05 -tc', 'S', 41490, 'HTMHTM-polaC05'),
('S-kaos-tc-HTMHTM-polaC06', 'Kaos Teteron Cotton Hitam C06 -tc', 'S', 41500, 'HTMHTM-polaC06'),
('S-kaos-tc-HTMHTM-polaC07', 'Kaos Teteron Cotton Hitam C07 -tc', 'S', 41510, 'HTMHTM-polaC07'),
('S-kaos-tc-HTMHTM-polaC08', 'Kaos Teteron Cotton Hitam C08 -tc', 'S', 41520, 'HTMHTM-polaC08'),
('S-kaos-tc-HTMPTH-polaC01', 'Kaos Teteron Cotton hitam,Putih C01 -tc', 'S', 40970, 'HTMPTH-polaC01'),
('S-kaos-tc-HTMPTH-polaC02', 'Kaos Teteron Cotton hitam,Putih C02 -tc', 'S', 40980, 'HTMPTH-polaC02'),
('S-kaos-tc-HTMPTH-polaC03', 'Kaos Teteron Cotton hitam,Putih C03 -tc', 'S', 40990, 'HTMPTH-polaC03'),
('S-kaos-tc-HTMPTH-polaC04', 'Kaos Teteron Cotton hitam,Putih C04 -tc', 'S', 41000, 'HTMPTH-polaC04'),
('S-kaos-tc-HTMPTH-polaC05', 'Kaos Teteron Cotton hitam,Putih C05 -tc', 'S', 41010, 'HTMPTH-polaC05'),
('S-kaos-tc-HTMPTH-polaC06', 'Kaos Teteron Cotton hitam,Putih C06 -tc', 'S', 41020, 'HTMPTH-polaC06'),
('S-kaos-tc-HTMPTH-polaC07', 'Kaos Teteron Cotton hitam,Putih C07 -tc', 'S', 41030, 'HTMPTH-polaC07'),
('S-kaos-tc-HTMPTH-polaC08', 'Kaos Teteron Cotton hitam,Putih C08 -tc', 'S', 41040, 'HTMPTH-polaC08'),
('S-kaos-tc-MRNMRN-polaC01', 'Kaos Teteron Cotton Merah Marun C01 -tc', 'S', 41930, 'MRNMRN-polaC01'),
('S-kaos-tc-MRNMRN-polaC02', 'Kaos Teteron Cotton Merah Marun C02 -tc', 'S', 41940, 'MRNMRN-polaC02'),
('S-kaos-tc-MRNMRN-polaC03', 'Kaos Teteron Cotton Merah Marun C03 -tc', 'S', 41950, 'MRNMRN-polaC03'),
('S-kaos-tc-MRNMRN-polaC04', 'Kaos Teteron Cotton Merah Marun C04 -tc', 'S', 41960, 'MRNMRN-polaC04'),
('S-kaos-tc-MRNMRN-polaC05', 'Kaos Teteron Cotton Merah Marun C05 -tc', 'S', 41970, 'MRNMRN-polaC05'),
('S-kaos-tc-MRNMRN-polaC06', 'Kaos Teteron Cotton Merah Marun C06 -tc', 'S', 41980, 'MRNMRN-polaC06'),
('S-kaos-tc-MRNMRN-polaC07', 'Kaos Teteron Cotton Merah Marun C07 -tc', 'S', 41990, 'MRNMRN-polaC07'),
('S-kaos-tc-MRNMRN-polaC08', 'Kaos Teteron Cotton Merah Marun C08 -tc', 'S', 42000, 'MRNMRN-polaC08'),
('S-kaos-vscs-ABUHTM-polaD01', 'Kaos Viscose Abu,Hitam D01 scs', 'S', 41050, 'ABUHTM-polaD01'),
('S-kaos-vscs-ABUHTM-polaD02', 'Kaos Viscose Abu,Hitam D02 scs', 'S', 41060, 'ABUHTM-polaD02'),
('S-kaos-vscs-ABUHTM-polaD03', 'Kaos Viscose Abu,Hitam D03 scs', 'S', 41070, 'ABUHTM-polaD03'),
('S-kaos-vscs-ABUHTM-polaD04', 'Kaos Viscose Abu,Hitam D04 scs', 'S', 41080, 'ABUHTM-polaD04'),
('S-kaos-vscs-ABUHTM-polaD05', 'Kaos Viscose Abu,Hitam D05 scs', 'S', 41090, 'ABUHTM-polaD05'),
('S-kaos-vscs-ABUHTM-polaD06', 'Kaos Viscose Abu,Hitam D06 scs', 'S', 41100, 'ABUHTM-polaD06'),
('S-kaos-vscs-ABUHTM-polaD07', 'Kaos Viscose Abu,Hitam D07 scs', 'S', 41110, 'ABUHTM-polaD07'),
('S-kaos-vscs-ABUHTM-polaD08', 'Kaos Viscose Abu,Hitam D08 scs', 'S', 41120, 'ABUHTM-polaD08'),
('S-kaos-vscs-KNGKNG-polaD01', 'Kaos Viscose Kuning D01 scs', 'S', 42490, 'KNGKNG-polaD01'),
('S-kaos-vscs-KNGKNG-polaD02', 'Kaos Viscose Kuning D02 scs', 'S', 42500, 'KNGKNG-polaD02'),
('S-kaos-vscs-KNGKNG-polaD03', 'Kaos Viscose Kuning D03 scs', 'S', 42510, 'KNGKNG-polaD03'),
('S-kaos-vscs-KNGKNG-polaD04', 'Kaos Viscose Kuning D04 scs', 'S', 42520, 'KNGKNG-polaD04'),
('S-kaos-vscs-KNGKNG-polaD05', 'Kaos Viscose Kuning D05 scs', 'S', 42530, 'KNGKNG-polaD05'),
('S-kaos-vscs-KNGKNG-polaD06', 'Kaos Viscose Kuning D06 scs', 'S', 42540, 'KNGKNG-polaD06'),
('S-kaos-vscs-KNGKNG-polaD07', 'Kaos Viscose Kuning D07 scs', 'S', 42550, 'KNGKNG-polaD07'),
('S-kaos-vscs-KNGKNG-polaD08', 'Kaos Viscose Kuning D08 scs', 'S', 42560, 'KNGKNG-polaD08'),
('S-kaos-vscs-NVYHTM-polaD01', 'Kaos Viscose Navy, Hitam D01 scs', 'S', 42010, 'NVYHTM-polaD01'),
('S-kaos-vscs-NVYHTM-polaD02', 'Kaos Viscose Navy, Hitam D02 scs', 'S', 42020, 'NVYHTM-polaD02'),
('S-kaos-vscs-NVYHTM-polaD03', 'Kaos Viscose Navy, Hitam D03 scs', 'S', 42030, 'NVYHTM-polaD03'),
('S-kaos-vscs-NVYHTM-polaD04', 'Kaos Viscose Navy, Hitam D04 scs', 'S', 42040, 'NVYHTM-polaD04'),
('S-kaos-vscs-NVYHTM-polaD05', 'Kaos Viscose Navy, Hitam D05 scs', 'S', 42050, 'NVYHTM-polaD05'),
('S-kaos-vscs-NVYHTM-polaD06', 'Kaos Viscose Navy, Hitam D06 scs', 'S', 42060, 'NVYHTM-polaD06'),
('S-kaos-vscs-NVYHTM-polaD07', 'Kaos Viscose Navy, Hitam D07 scs', 'S', 42070, 'NVYHTM-polaD07'),
('S-kaos-vscs-NVYHTM-polaD08', 'Kaos Viscose Navy, Hitam D08 scs', 'S', 42080, 'NVYHTM-polaD08'),
('S-kaos-vscs-PTHPTH-polaD01', 'Kaos Viscose Putih D01 scs', 'S', 41530, 'PTHPTH-polaD01'),
('S-kaos-vscs-PTHPTH-polaD02', 'Kaos Viscose Putih D02 scs', 'S', 41540, 'PTHPTH-polaD02'),
('S-kaos-vscs-PTHPTH-polaD03', 'Kaos Viscose Putih D03 scs', 'S', 41550, 'PTHPTH-polaD03'),
('S-kaos-vscs-PTHPTH-polaD04', 'Kaos Viscose Putih D04 scs', 'S', 41560, 'PTHPTH-polaD04'),
('S-kaos-vscs-PTHPTH-polaD05', 'Kaos Viscose Putih D05 scs', 'S', 41570, 'PTHPTH-polaD05'),
('S-kaos-vscs-PTHPTH-polaD06', 'Kaos Viscose Putih D06 scs', 'S', 41580, 'PTHPTH-polaD06'),
('S-kaos-vscs-PTHPTH-polaD07', 'Kaos Viscose Putih D07 scs', 'S', 41590, 'PTHPTH-polaD07'),
('S-kaos-vscs-PTHPTH-polaD08', 'Kaos Viscose Putih D08 scs', 'S', 41600, 'PTHPTH-polaD08'),
('XL-kaos-crdt30s-ABUHTM-polaB01', 'Kaos Cardet Abu,Hitam B01 30s', 'XL', 55770, 'ABUHTM-polaB01'),
('XL-kaos-crdt30s-ABUHTM-polaB02', 'Kaos Cardet Abu,Hitam B02 30s', 'XL', 55780, 'ABUHTM-polaB02'),
('XL-kaos-crdt30s-ABUHTM-polaB03', 'Kaos Cardet Abu,Hitam B03 30s', 'XL', 55790, 'ABUHTM-polaB03'),
('XL-kaos-crdt30s-ABUHTM-polaB04', 'Kaos Cardet Abu,Hitam B04 30s', 'XL', 55800, 'ABUHTM-polaB04'),
('XL-kaos-crdt30s-ABUHTM-polaB05', 'Kaos Cardet Abu,Hitam B05 30s', 'XL', 55810, 'ABUHTM-polaB05'),
('XL-kaos-crdt30s-ABUHTM-polaB06', 'Kaos Cardet Abu,Hitam B06 30s', 'XL', 55820, 'ABUHTM-polaB06'),
('XL-kaos-crdt30s-ABUHTM-polaB07', 'Kaos Cardet Abu,Hitam B07 30s', 'XL', 55830, 'ABUHTM-polaB07'),
('XL-kaos-crdt30s-ABUHTM-polaB08', 'Kaos Cardet Abu,Hitam B08 30s', 'XL', 55840, 'ABUHTM-polaB08'),
('XL-kaos-crdt30s-KNGKNG-polaB01', 'Kaos Cardet Kuning B01 30s', 'XL', 55290, 'KNGKNG-polaB01'),
('XL-kaos-crdt30s-KNGKNG-polaB02', 'Kaos Cardet Kuning B02 30s', 'XL', 55300, 'KNGKNG-polaB02'),
('XL-kaos-crdt30s-KNGKNG-polaB03', 'Kaos Cardet Kuning B03 30s', 'XL', 55310, 'KNGKNG-polaB03'),
('XL-kaos-crdt30s-KNGKNG-polaB04', 'Kaos Cardet Kuning B04 30s', 'XL', 55320, 'KNGKNG-polaB04'),
('XL-kaos-crdt30s-KNGKNG-polaB05', 'Kaos Cardet Kuning B05 30s', 'XL', 55330, 'KNGKNG-polaB05'),
('XL-kaos-crdt30s-KNGKNG-polaB06', 'Kaos Cardet Kuning B06 30s', 'XL', 55340, 'KNGKNG-polaB06'),
('XL-kaos-crdt30s-KNGKNG-polaB07', 'Kaos Cardet Kuning B07 30s', 'XL', 55350, 'KNGKNG-polaB07'),
('XL-kaos-crdt30s-KNGKNG-polaB08', 'Kaos Cardet Kuning B08 30s', 'XL', 55360, 'KNGKNG-polaB08'),
('XL-kaos-crdt30s-NVYHTM-polaB01', 'Kaos Cardet Navy, Hitam B01 30s', 'XL', 54810, 'NVYHTM-polaB01'),
('XL-kaos-crdt30s-NVYHTM-polaB02', 'Kaos Cardet Navy, Hitam B02 30s', 'XL', 54820, 'NVYHTM-polaB02'),
('XL-kaos-crdt30s-NVYHTM-polaB03', 'Kaos Cardet Navy, Hitam B03 30s', 'XL', 54830, 'NVYHTM-polaB03'),
('XL-kaos-crdt30s-NVYHTM-polaB04', 'Kaos Cardet Navy, Hitam B04 30s', 'XL', 54840, 'NVYHTM-polaB04'),
('XL-kaos-crdt30s-NVYHTM-polaB05', 'Kaos Cardet Navy, Hitam B05 30s', 'XL', 54850, 'NVYHTM-polaB05'),
('XL-kaos-crdt30s-NVYHTM-polaB06', 'Kaos Cardet Navy, Hitam B06 30s', 'XL', 54860, 'NVYHTM-polaB06'),
('XL-kaos-crdt30s-NVYHTM-polaB07', 'Kaos Cardet Navy, Hitam B07 30s', 'XL', 54870, 'NVYHTM-polaB07'),
('XL-kaos-crdt30s-NVYHTM-polaB08', 'Kaos Cardet Navy, Hitam B08 30s', 'XL', 54880, 'NVYHTM-polaB08'),
('XL-kaos-crdt30s-PTHPTH-polaB01', 'Kaos Cardet Putih B01 30s', 'XL', 54330, 'PTHPTH-polaB01'),
('XL-kaos-crdt30s-PTHPTH-polaB02', 'Kaos Cardet Putih B02 30s', 'XL', 54340, 'PTHPTH-polaB02'),
('XL-kaos-crdt30s-PTHPTH-polaB03', 'Kaos Cardet Putih B03 30s', 'XL', 54350, 'PTHPTH-polaB03'),
('XL-kaos-crdt30s-PTHPTH-polaB04', 'Kaos Cardet Putih B04 30s', 'XL', 54360, 'PTHPTH-polaB04'),
('XL-kaos-crdt30s-PTHPTH-polaB05', 'Kaos Cardet Putih B05 30s', 'XL', 54370, 'PTHPTH-polaB05'),
('XL-kaos-crdt30s-PTHPTH-polaB06', 'Kaos Cardet Putih B06 30s', 'XL', 54380, 'PTHPTH-polaB06'),
('XL-kaos-crdt30s-PTHPTH-polaB07', 'Kaos Cardet Putih B07 30s', 'XL', 54390, 'PTHPTH-polaB07'),
('XL-kaos-crdt30s-PTHPTH-polaB08', 'Kaos Cardet Putih B08 30s', 'XL', 54400, 'PTHPTH-polaB08'),
('XL-kaos-cvc-ABUABU-polaE01', 'Kaos Cotton Viscose Abu-Abu E01 cvc', 'XL', 54570, 'ABUABU-polaE01'),
('XL-kaos-cvc-ABUABU-polaE02', 'Kaos Cotton Viscose Abu-Abu E02 cvc', 'XL', 54580, 'ABUABU-polaE02'),
('XL-kaos-cvc-ABUABU-polaE03', 'Kaos Cotton Viscose Abu-Abu E03 cvc', 'XL', 54590, 'ABUABU-polaE03'),
('XL-kaos-cvc-ABUABU-polaE04', 'Kaos Cotton Viscose Abu-Abu E04 cvc', 'XL', 54600, 'ABUABU-polaE04'),
('XL-kaos-cvc-ABUABU-polaE05', 'Kaos Cotton Viscose Abu-Abu E05 cvc', 'XL', 54610, 'ABUABU-polaE05'),
('XL-kaos-cvc-ABUABU-polaE06', 'Kaos Cotton Viscose Abu-Abu E06 cvc', 'XL', 54620, 'ABUABU-polaE06'),
('XL-kaos-cvc-ABUABU-polaE07', 'Kaos Cotton Viscose Abu-Abu E07 cvc', 'XL', 54630, 'ABUABU-polaE07'),
('XL-kaos-cvc-ABUABU-polaE08', 'Kaos Cotton Viscose Abu-Abu E08 cvc', 'XL', 54640, 'ABUABU-polaE08'),
('XL-kaos-cvc-HTMHTM-polaE01', 'Kaos Cotton Viscose Hitam E01 cvc', 'XL', 55530, 'HTMHTM-polaE01'),
('XL-kaos-cvc-HTMHTM-polaE02', 'Kaos Cotton Viscose Hitam E02 cvc', 'XL', 55540, 'HTMHTM-polaE02'),
('XL-kaos-cvc-HTMHTM-polaE03', 'Kaos Cotton Viscose Hitam E03 cvc', 'XL', 55550, 'HTMHTM-polaE03'),
('XL-kaos-cvc-HTMHTM-polaE04', 'Kaos Cotton Viscose Hitam E04 cvc', 'XL', 55560, 'HTMHTM-polaE04'),
('XL-kaos-cvc-HTMHTM-polaE05', 'Kaos Cotton Viscose Hitam E05 cvc', 'XL', 55570, 'HTMHTM-polaE05'),
('XL-kaos-cvc-HTMHTM-polaE06', 'Kaos Cotton Viscose Hitam E06 cvc', 'XL', 55580, 'HTMHTM-polaE06'),
('XL-kaos-cvc-HTMHTM-polaE07', 'Kaos Cotton Viscose Hitam E07 cvc', 'XL', 55590, 'HTMHTM-polaE07'),
('XL-kaos-cvc-HTMHTM-polaE08', 'Kaos Cotton Viscose Hitam E08 cvc', 'XL', 55600, 'HTMHTM-polaE08'),
('XL-kaos-cvc-HTMPTH-polaE01', 'Kaos Cotton Viscose hitam,Putih E01 cvc', 'XL', 55050, 'HTMPTH-polaE01'),
('XL-kaos-cvc-HTMPTH-polaE02', 'Kaos Cotton Viscose hitam,Putih E02 cvc', 'XL', 55060, 'HTMPTH-polaE02'),
('XL-kaos-cvc-HTMPTH-polaE03', 'Kaos Cotton Viscose hitam,Putih E03 cvc', 'XL', 55070, 'HTMPTH-polaE03'),
('XL-kaos-cvc-HTMPTH-polaE04', 'Kaos Cotton Viscose hitam,Putih E04 cvc', 'XL', 55080, 'HTMPTH-polaE04'),
('XL-kaos-cvc-HTMPTH-polaE05', 'Kaos Cotton Viscose hitam,Putih E05 cvc', 'XL', 55090, 'HTMPTH-polaE05'),
('XL-kaos-cvc-HTMPTH-polaE06', 'Kaos Cotton Viscose hitam,Putih E06 cvc', 'XL', 55100, 'HTMPTH-polaE06'),
('XL-kaos-cvc-HTMPTH-polaE07', 'Kaos Cotton Viscose hitam,Putih E07 cvc', 'XL', 55110, 'HTMPTH-polaE07'),
('XL-kaos-cvc-HTMPTH-polaE08', 'Kaos Cotton Viscose hitam,Putih E08 cvc', 'XL', 55120, 'HTMPTH-polaE08'),
('XL-kaos-cvc-MRNMRN-polaE01', 'Kaos Cotton Viscose Merah Marun E01 cvc', 'XL', 56010, 'MRNMRN-polaE01'),
('XL-kaos-cvc-MRNMRN-polaE02', 'Kaos Cotton Viscose Merah Marun E02 cvc', 'XL', 56020, 'MRNMRN-polaE02'),
('XL-kaos-cvc-MRNMRN-polaE03', 'Kaos Cotton Viscose Merah Marun E03 cvc', 'XL', 56030, 'MRNMRN-polaE03'),
('XL-kaos-cvc-MRNMRN-polaE04', 'Kaos Cotton Viscose Merah Marun E04 cvc', 'XL', 56040, 'MRNMRN-polaE04'),
('XL-kaos-cvc-MRNMRN-polaE05', 'Kaos Cotton Viscose Merah Marun E05 cvc', 'XL', 56050, 'MRNMRN-polaE05'),
('XL-kaos-cvc-MRNMRN-polaE06', 'Kaos Cotton Viscose Merah Marun E06 cvc', 'XL', 56060, 'MRNMRN-polaE06'),
('XL-kaos-cvc-MRNMRN-polaE07', 'Kaos Cotton Viscose Merah Marun E07 cvc', 'XL', 56070, 'MRNMRN-polaE07'),
('XL-kaos-cvc-MRNMRN-polaE08', 'Kaos Cotton Viscose Merah Marun E08 cvc', 'XL', 56080, 'MRNMRN-polaE08'),
('XL-kaos-ktn24s-ABUABU-polaA01', 'Kaos Katun Abu-Abu A01 24s', 'XL', 55210, 'ABUABU-polaA01'),
('XL-kaos-ktn24s-ABUABU-polaA02', 'Kaos Katun Abu-Abu A02 24s', 'XL', 55220, 'ABUABU-polaA02'),
('XL-kaos-ktn24s-ABUABU-polaA03', 'Kaos Katun Abu-Abu A03 24s', 'XL', 55230, 'ABUABU-polaA03'),
('XL-kaos-ktn24s-ABUABU-polaA04', 'Kaos Katun Abu-Abu A04 24s', 'XL', 55240, 'ABUABU-polaA04'),
('XL-kaos-ktn24s-ABUABU-polaA05', 'Kaos Katun Abu-Abu A05 24s', 'XL', 55250, 'ABUABU-polaA05'),
('XL-kaos-ktn24s-ABUABU-polaA06', 'Kaos Katun Abu-Abu A06 24s', 'XL', 55260, 'ABUABU-polaA06'),
('XL-kaos-ktn24s-ABUABU-polaA07', 'Kaos Katun Abu-Abu A07 24s', 'XL', 55270, 'ABUABU-polaA07'),
('XL-kaos-ktn24s-ABUABU-polaA08', 'Kaos Katun Abu-Abu A08 24s', 'XL', 55280, 'ABUABU-polaA08'),
('XL-kaos-ktn24s-HTMHTM-polaA01', 'Kaos Katun Hitam A01 24s', 'XL', 54250, 'HTMHTM-polaA01'),
('XL-kaos-ktn24s-HTMHTM-polaA02', 'Kaos Katun Hitam A02 24s', 'XL', 54260, 'HTMHTM-polaA02'),
('XL-kaos-ktn24s-HTMHTM-polaA03', 'Kaos Katun Hitam A03 24s', 'XL', 54270, 'HTMHTM-polaA03'),
('XL-kaos-ktn24s-HTMHTM-polaA04', 'Kaos Katun Hitam A04 24s', 'XL', 54280, 'HTMHTM-polaA04'),
('XL-kaos-ktn24s-HTMHTM-polaA05', 'Kaos Katun Hitam A05 24s', 'XL', 54290, 'HTMHTM-polaA05'),
('XL-kaos-ktn24s-HTMHTM-polaA06', 'Kaos Katun Hitam A06 24s', 'XL', 54300, 'HTMHTM-polaA06'),
('XL-kaos-ktn24s-HTMHTM-polaA07', 'Kaos Katun Hitam A07 24s', 'XL', 54310, 'HTMHTM-polaA07'),
('XL-kaos-ktn24s-HTMHTM-polaA08', 'Kaos Katun Hitam A08 24s', 'XL', 54320, 'HTMHTM-polaA08'),
('XL-kaos-ktn24s-HTMPTH-polaA01', 'Kaos Katun hitam,Putih A01 24s', 'XL', 55690, 'HTMPTH-polaA01'),
('XL-kaos-ktn24s-HTMPTH-polaA02', 'Kaos Katun hitam,Putih A02 24s', 'XL', 55700, 'HTMPTH-polaA02'),
('XL-kaos-ktn24s-HTMPTH-polaA03', 'Kaos Katun hitam,Putih A03 24s', 'XL', 55710, 'HTMPTH-polaA03'),
('XL-kaos-ktn24s-HTMPTH-polaA04', 'Kaos Katun hitam,Putih A04 24s', 'XL', 55720, 'HTMPTH-polaA04'),
('XL-kaos-ktn24s-HTMPTH-polaA05', 'Kaos Katun hitam,Putih A05 24s', 'XL', 55730, 'HTMPTH-polaA05'),
('XL-kaos-ktn24s-HTMPTH-polaA06', 'Kaos Katun hitam,Putih A06 24s', 'XL', 55740, 'HTMPTH-polaA06'),
('XL-kaos-ktn24s-HTMPTH-polaA07', 'Kaos Katun hitam,Putih A07 24s', 'XL', 55750, 'HTMPTH-polaA07'),
('XL-kaos-ktn24s-HTMPTH-polaA08', 'Kaos Katun hitam,Putih A08 24s', 'XL', 55760, 'HTMPTH-polaA08'),
('XL-kaos-ktn24s-MRNMRN-polaA01', 'Kaos Katun Merah Marun A01 24s', 'XL', 54730, 'MRNMRN-polaA01'),
('XL-kaos-ktn24s-MRNMRN-polaA02', 'Kaos Katun Merah Marun A02 24s', 'XL', 54740, 'MRNMRN-polaA02'),
('XL-kaos-ktn24s-MRNMRN-polaA03', 'Kaos Katun Merah Marun A03 24s', 'XL', 54750, 'MRNMRN-polaA03'),
('XL-kaos-ktn24s-MRNMRN-polaA04', 'Kaos Katun Merah Marun A04 24s', 'XL', 54760, 'MRNMRN-polaA04'),
('XL-kaos-ktn24s-MRNMRN-polaA05', 'Kaos Katun Merah Marun A05 24s', 'XL', 54770, 'MRNMRN-polaA05'),
('XL-kaos-ktn24s-MRNMRN-polaA06', 'Kaos Katun Merah Marun A06 24s', 'XL', 54780, 'MRNMRN-polaA06'),
('XL-kaos-ktn24s-MRNMRN-polaA07', 'Kaos Katun Merah Marun A07 24s', 'XL', 54790, 'MRNMRN-polaA07'),
('XL-kaos-ktn24s-MRNMRN-polaA08', 'Kaos Katun Merah Marun A08 24s', 'XL', 54800, 'MRNMRN-polaA08'),
('XL-kaos-pe-ABUHTM-polaF01', 'Kaos Polyester Abu,Hitam F01 -pe', 'XL', 55130, 'ABUHTM-polaF01'),
('XL-kaos-pe-ABUHTM-polaF02', 'Kaos Polyester Abu,Hitam F02 -pe', 'XL', 55140, 'ABUHTM-polaF02'),
('XL-kaos-pe-ABUHTM-polaF03', 'Kaos Polyester Abu,Hitam F03 -pe', 'XL', 55150, 'ABUHTM-polaF03'),
('XL-kaos-pe-ABUHTM-polaF04', 'Kaos Polyester Abu,Hitam F04 -pe', 'XL', 55160, 'ABUHTM-polaF04'),
('XL-kaos-pe-ABUHTM-polaF05', 'Kaos Polyester Abu,Hitam F05 -pe', 'XL', 55170, 'ABUHTM-polaF05'),
('XL-kaos-pe-ABUHTM-polaF06', 'Kaos Polyester Abu,Hitam F06 -pe', 'XL', 55180, 'ABUHTM-polaF06'),
('XL-kaos-pe-ABUHTM-polaF07', 'Kaos Polyester Abu,Hitam F07 -pe', 'XL', 55190, 'ABUHTM-polaF07'),
('XL-kaos-pe-ABUHTM-polaF08', 'Kaos Polyester Abu,Hitam F08 -pe', 'XL', 55200, 'ABUHTM-polaF08'),
('XL-kaos-pe-KNGKNG-polaF01', 'Kaos Polyester Kuning F01 -pe', 'XL', 54650, 'KNGKNG-polaF01'),
('XL-kaos-pe-KNGKNG-polaF02', 'Kaos Polyester Kuning F02 -pe', 'XL', 54660, 'KNGKNG-polaF02'),
('XL-kaos-pe-KNGKNG-polaF03', 'Kaos Polyester Kuning F03 -pe', 'XL', 54670, 'KNGKNG-polaF03'),
('XL-kaos-pe-KNGKNG-polaF04', 'Kaos Polyester Kuning F04 -pe', 'XL', 54680, 'KNGKNG-polaF04'),
('XL-kaos-pe-KNGKNG-polaF05', 'Kaos Polyester Kuning F05 -pe', 'XL', 54690, 'KNGKNG-polaF05'),
('XL-kaos-pe-KNGKNG-polaF06', 'Kaos Polyester Kuning F06 -pe', 'XL', 54700, 'KNGKNG-polaF06'),
('XL-kaos-pe-KNGKNG-polaF07', 'Kaos Polyester Kuning F07 -pe', 'XL', 54710, 'KNGKNG-polaF07'),
('XL-kaos-pe-KNGKNG-polaF08', 'Kaos Polyester Kuning F08 -pe', 'XL', 54720, 'KNGKNG-polaF08'),
('XL-kaos-pe-NVYHTM-polaF01', 'Kaos Polyester Navy, Hitam F01 -pe', 'XL', 56090, 'NVYHTM-polaF01'),
('XL-kaos-pe-NVYHTM-polaF02', 'Kaos Polyester Navy, Hitam F02 -pe', 'XL', 56100, 'NVYHTM-polaF02'),
('XL-kaos-pe-NVYHTM-polaF03', 'Kaos Polyester Navy, Hitam F03 -pe', 'XL', 56110, 'NVYHTM-polaF03'),
('XL-kaos-pe-NVYHTM-polaF04', 'Kaos Polyester Navy, Hitam F04 -pe', 'XL', 56120, 'NVYHTM-polaF04'),
('XL-kaos-pe-NVYHTM-polaF05', 'Kaos Polyester Navy, Hitam F05 -pe', 'XL', 56130, 'NVYHTM-polaF05'),
('XL-kaos-pe-NVYHTM-polaF06', 'Kaos Polyester Navy, Hitam F06 -pe', 'XL', 56140, 'NVYHTM-polaF06'),
('XL-kaos-pe-NVYHTM-polaF07', 'Kaos Polyester Navy, Hitam F07 -pe', 'XL', 56150, 'NVYHTM-polaF07'),
('XL-kaos-pe-NVYHTM-polaF08', 'Kaos Polyester Navy, Hitam F08 -pe', 'XL', 56160, 'NVYHTM-polaF08'),
('XL-kaos-pe-PTHPTH-polaF01', 'Kaos Polyester Putih F01 -pe', 'XL', 55610, 'PTHPTH-polaF01'),
('XL-kaos-pe-PTHPTH-polaF02', 'Kaos Polyester Putih F02 -pe', 'XL', 55620, 'PTHPTH-polaF02'),
('XL-kaos-pe-PTHPTH-polaF03', 'Kaos Polyester Putih F03 -pe', 'XL', 55630, 'PTHPTH-polaF03'),
('XL-kaos-pe-PTHPTH-polaF04', 'Kaos Polyester Putih F04 -pe', 'XL', 55640, 'PTHPTH-polaF04'),
('XL-kaos-pe-PTHPTH-polaF05', 'Kaos Polyester Putih F05 -pe', 'XL', 55650, 'PTHPTH-polaF05'),
('XL-kaos-pe-PTHPTH-polaF06', 'Kaos Polyester Putih F06 -pe', 'XL', 55660, 'PTHPTH-polaF06'),
('XL-kaos-pe-PTHPTH-polaF07', 'Kaos Polyester Putih F07 -pe', 'XL', 55670, 'PTHPTH-polaF07'),
('XL-kaos-pe-PTHPTH-polaF08', 'Kaos Polyester Putih F08 -pe', 'XL', 55680, 'PTHPTH-polaF08'),
('XL-kaos-tc-ABUABU-polaC01', 'Kaos Teteron Cotton Abu-Abu C01 -tc', 'XL', 55850, 'ABUABU-polaC01'),
('XL-kaos-tc-ABUABU-polaC02', 'Kaos Teteron Cotton Abu-Abu C02 -tc', 'XL', 55860, 'ABUABU-polaC02'),
('XL-kaos-tc-ABUABU-polaC03', 'Kaos Teteron Cotton Abu-Abu C03 -tc', 'XL', 55870, 'ABUABU-polaC03'),
('XL-kaos-tc-ABUABU-polaC04', 'Kaos Teteron Cotton Abu-Abu C04 -tc', 'XL', 55880, 'ABUABU-polaC04'),
('XL-kaos-tc-ABUABU-polaC05', 'Kaos Teteron Cotton Abu-Abu C05 -tc', 'XL', 55890, 'ABUABU-polaC05'),
('XL-kaos-tc-ABUABU-polaC06', 'Kaos Teteron Cotton Abu-Abu C06 -tc', 'XL', 55900, 'ABUABU-polaC06'),
('XL-kaos-tc-ABUABU-polaC07', 'Kaos Teteron Cotton Abu-Abu C07 -tc', 'XL', 55910, 'ABUABU-polaC07'),
('XL-kaos-tc-ABUABU-polaC08', 'Kaos Teteron Cotton Abu-Abu C08 -tc', 'XL', 55920, 'ABUABU-polaC08'),
('XL-kaos-tc-HTMHTM-polaC01', 'Kaos Teteron Cotton Hitam C01 -tc', 'XL', 54890, 'HTMHTM-polaC01'),
('XL-kaos-tc-HTMHTM-polaC02', 'Kaos Teteron Cotton Hitam C02 -tc', 'XL', 54900, 'HTMHTM-polaC02'),
('XL-kaos-tc-HTMHTM-polaC03', 'Kaos Teteron Cotton Hitam C03 -tc', 'XL', 54910, 'HTMHTM-polaC03'),
('XL-kaos-tc-HTMHTM-polaC04', 'Kaos Teteron Cotton Hitam C04 -tc', 'XL', 54920, 'HTMHTM-polaC04'),
('XL-kaos-tc-HTMHTM-polaC05', 'Kaos Teteron Cotton Hitam C05 -tc', 'XL', 54930, 'HTMHTM-polaC05'),
('XL-kaos-tc-HTMHTM-polaC06', 'Kaos Teteron Cotton Hitam C06 -tc', 'XL', 54940, 'HTMHTM-polaC06'),
('XL-kaos-tc-HTMHTM-polaC07', 'Kaos Teteron Cotton Hitam C07 -tc', 'XL', 54950, 'HTMHTM-polaC07'),
('XL-kaos-tc-HTMHTM-polaC08', 'Kaos Teteron Cotton Hitam C08 -tc', 'XL', 54960, 'HTMHTM-polaC08'),
('XL-kaos-tc-HTMPTH-polaC01', 'Kaos Teteron Cotton hitam,Putih C01 -tc', 'XL', 54410, 'HTMPTH-polaC01'),
('XL-kaos-tc-HTMPTH-polaC02', 'Kaos Teteron Cotton hitam,Putih C02 -tc', 'XL', 54420, 'HTMPTH-polaC02'),
('XL-kaos-tc-HTMPTH-polaC03', 'Kaos Teteron Cotton hitam,Putih C03 -tc', 'XL', 54430, 'HTMPTH-polaC03'),
('XL-kaos-tc-HTMPTH-polaC04', 'Kaos Teteron Cotton hitam,Putih C04 -tc', 'XL', 54440, 'HTMPTH-polaC04'),
('XL-kaos-tc-HTMPTH-polaC05', 'Kaos Teteron Cotton hitam,Putih C05 -tc', 'XL', 54450, 'HTMPTH-polaC05'),
('XL-kaos-tc-HTMPTH-polaC06', 'Kaos Teteron Cotton hitam,Putih C06 -tc', 'XL', 54460, 'HTMPTH-polaC06'),
('XL-kaos-tc-HTMPTH-polaC07', 'Kaos Teteron Cotton hitam,Putih C07 -tc', 'XL', 54470, 'HTMPTH-polaC07'),
('XL-kaos-tc-HTMPTH-polaC08', 'Kaos Teteron Cotton hitam,Putih C08 -tc', 'XL', 54480, 'HTMPTH-polaC08'),
('XL-kaos-tc-MRNMRN-polaC01', 'Kaos Teteron Cotton Merah Marun C01 -tc', 'XL', 55370, 'MRNMRN-polaC01'),
('XL-kaos-tc-MRNMRN-polaC02', 'Kaos Teteron Cotton Merah Marun C02 -tc', 'XL', 55380, 'MRNMRN-polaC02'),
('XL-kaos-tc-MRNMRN-polaC03', 'Kaos Teteron Cotton Merah Marun C03 -tc', 'XL', 55390, 'MRNMRN-polaC03'),
('XL-kaos-tc-MRNMRN-polaC04', 'Kaos Teteron Cotton Merah Marun C04 -tc', 'XL', 55400, 'MRNMRN-polaC04'),
('XL-kaos-tc-MRNMRN-polaC05', 'Kaos Teteron Cotton Merah Marun C05 -tc', 'XL', 55410, 'MRNMRN-polaC05'),
('XL-kaos-tc-MRNMRN-polaC06', 'Kaos Teteron Cotton Merah Marun C06 -tc', 'XL', 55420, 'MRNMRN-polaC06'),
('XL-kaos-tc-MRNMRN-polaC07', 'Kaos Teteron Cotton Merah Marun C07 -tc', 'XL', 55430, 'MRNMRN-polaC07'),
('XL-kaos-tc-MRNMRN-polaC08', 'Kaos Teteron Cotton Merah Marun C08 -tc', 'XL', 55440, 'MRNMRN-polaC08'),
('XL-kaos-vscs-ABUHTM-polaD01', 'Kaos Viscose Abu,Hitam D01 scs', 'XL', 54490, 'ABUHTM-polaD01'),
('XL-kaos-vscs-ABUHTM-polaD02', 'Kaos Viscose Abu,Hitam D02 scs', 'XL', 54500, 'ABUHTM-polaD02'),
('XL-kaos-vscs-ABUHTM-polaD03', 'Kaos Viscose Abu,Hitam D03 scs', 'XL', 54510, 'ABUHTM-polaD03'),
('XL-kaos-vscs-ABUHTM-polaD04', 'Kaos Viscose Abu,Hitam D04 scs', 'XL', 54520, 'ABUHTM-polaD04'),
('XL-kaos-vscs-ABUHTM-polaD05', 'Kaos Viscose Abu,Hitam D05 scs', 'XL', 54530, 'ABUHTM-polaD05'),
('XL-kaos-vscs-ABUHTM-polaD06', 'Kaos Viscose Abu,Hitam D06 scs', 'XL', 54540, 'ABUHTM-polaD06'),
('XL-kaos-vscs-ABUHTM-polaD07', 'Kaos Viscose Abu,Hitam D07 scs', 'XL', 54550, 'ABUHTM-polaD07'),
('XL-kaos-vscs-ABUHTM-polaD08', 'Kaos Viscose Abu,Hitam D08 scs', 'XL', 54560, 'ABUHTM-polaD08'),
('XL-kaos-vscs-KNGKNG-polaD01', 'Kaos Viscose Kuning D01 scs', 'XL', 55930, 'KNGKNG-polaD01'),
('XL-kaos-vscs-KNGKNG-polaD02', 'Kaos Viscose Kuning D02 scs', 'XL', 55940, 'KNGKNG-polaD02'),
('XL-kaos-vscs-KNGKNG-polaD03', 'Kaos Viscose Kuning D03 scs', 'XL', 55950, 'KNGKNG-polaD03'),
('XL-kaos-vscs-KNGKNG-polaD04', 'Kaos Viscose Kuning D04 scs', 'XL', 55960, 'KNGKNG-polaD04'),
('XL-kaos-vscs-KNGKNG-polaD05', 'Kaos Viscose Kuning D05 scs', 'XL', 55970, 'KNGKNG-polaD05'),
('XL-kaos-vscs-KNGKNG-polaD06', 'Kaos Viscose Kuning D06 scs', 'XL', 55980, 'KNGKNG-polaD06'),
('XL-kaos-vscs-KNGKNG-polaD07', 'Kaos Viscose Kuning D07 scs', 'XL', 55990, 'KNGKNG-polaD07'),
('XL-kaos-vscs-KNGKNG-polaD08', 'Kaos Viscose Kuning D08 scs', 'XL', 56000, 'KNGKNG-polaD08'),
('XL-kaos-vscs-NVYHTM-polaD01', 'Kaos Viscose Navy, Hitam D01 scs', 'XL', 55450, 'NVYHTM-polaD01'),
('XL-kaos-vscs-NVYHTM-polaD02', 'Kaos Viscose Navy, Hitam D02 scs', 'XL', 55460, 'NVYHTM-polaD02'),
('XL-kaos-vscs-NVYHTM-polaD03', 'Kaos Viscose Navy, Hitam D03 scs', 'XL', 55470, 'NVYHTM-polaD03'),
('XL-kaos-vscs-NVYHTM-polaD04', 'Kaos Viscose Navy, Hitam D04 scs', 'XL', 55480, 'NVYHTM-polaD04'),
('XL-kaos-vscs-NVYHTM-polaD05', 'Kaos Viscose Navy, Hitam D05 scs', 'XL', 55490, 'NVYHTM-polaD05'),
('XL-kaos-vscs-NVYHTM-polaD06', 'Kaos Viscose Navy, Hitam D06 scs', 'XL', 55500, 'NVYHTM-polaD06'),
('XL-kaos-vscs-NVYHTM-polaD07', 'Kaos Viscose Navy, Hitam D07 scs', 'XL', 55510, 'NVYHTM-polaD07'),
('XL-kaos-vscs-NVYHTM-polaD08', 'Kaos Viscose Navy, Hitam D08 scs', 'XL', 55520, 'NVYHTM-polaD08'),
('XL-kaos-vscs-PTHPTH-polaD01', 'Kaos Viscose Putih D01 scs', 'XL', 54970, 'PTHPTH-polaD01'),
('XL-kaos-vscs-PTHPTH-polaD02', 'Kaos Viscose Putih D02 scs', 'XL', 54980, 'PTHPTH-polaD02'),
('XL-kaos-vscs-PTHPTH-polaD03', 'Kaos Viscose Putih D03 scs', 'XL', 54990, 'PTHPTH-polaD03'),
('XL-kaos-vscs-PTHPTH-polaD04', 'Kaos Viscose Putih D04 scs', 'XL', 55000, 'PTHPTH-polaD04'),
('XL-kaos-vscs-PTHPTH-polaD05', 'Kaos Viscose Putih D05 scs', 'XL', 55010, 'PTHPTH-polaD05'),
('XL-kaos-vscs-PTHPTH-polaD06', 'Kaos Viscose Putih D06 scs', 'XL', 55020, 'PTHPTH-polaD06'),
('XL-kaos-vscs-PTHPTH-polaD07', 'Kaos Viscose Putih D07 scs', 'XL', 55030, 'PTHPTH-polaD07'),
('XL-kaos-vscs-PTHPTH-polaD08', 'Kaos Viscose Putih D08 scs', 'XL', 55040, 'PTHPTH-polaD08'),
('XXL-kaos-crdt30s-ABUHTM-polaB01', 'Kaos Cardet Abu,Hitam B01 30s', 'XXL', 57690, 'ABUHTM-polaB01'),
('XXL-kaos-crdt30s-ABUHTM-polaB02', 'Kaos Cardet Abu,Hitam B02 30s', 'XXL', 57700, 'ABUHTM-polaB02'),
('XXL-kaos-crdt30s-ABUHTM-polaB03', 'Kaos Cardet Abu,Hitam B03 30s', 'XXL', 57710, 'ABUHTM-polaB03'),
('XXL-kaos-crdt30s-ABUHTM-polaB04', 'Kaos Cardet Abu,Hitam B04 30s', 'XXL', 57720, 'ABUHTM-polaB04'),
('XXL-kaos-crdt30s-ABUHTM-polaB05', 'Kaos Cardet Abu,Hitam B05 30s', 'XXL', 57730, 'ABUHTM-polaB05'),
('XXL-kaos-crdt30s-ABUHTM-polaB06', 'Kaos Cardet Abu,Hitam B06 30s', 'XXL', 57740, 'ABUHTM-polaB06'),
('XXL-kaos-crdt30s-ABUHTM-polaB07', 'Kaos Cardet Abu,Hitam B07 30s', 'XXL', 57750, 'ABUHTM-polaB07'),
('XXL-kaos-crdt30s-ABUHTM-polaB08', 'Kaos Cardet Abu,Hitam B08 30s', 'XXL', 57760, 'ABUHTM-polaB08'),
('XXL-kaos-crdt30s-KNGKNG-polaB01', 'Kaos Cardet Kuning B01 30s', 'XXL', 57210, 'KNGKNG-polaB01'),
('XXL-kaos-crdt30s-KNGKNG-polaB02', 'Kaos Cardet Kuning B02 30s', 'XXL', 57220, 'KNGKNG-polaB02'),
('XXL-kaos-crdt30s-KNGKNG-polaB03', 'Kaos Cardet Kuning B03 30s', 'XXL', 57230, 'KNGKNG-polaB03'),
('XXL-kaos-crdt30s-KNGKNG-polaB04', 'Kaos Cardet Kuning B04 30s', 'XXL', 57240, 'KNGKNG-polaB04'),
('XXL-kaos-crdt30s-KNGKNG-polaB05', 'Kaos Cardet Kuning B05 30s', 'XXL', 57250, 'KNGKNG-polaB05'),
('XXL-kaos-crdt30s-KNGKNG-polaB06', 'Kaos Cardet Kuning B06 30s', 'XXL', 57260, 'KNGKNG-polaB06'),
('XXL-kaos-crdt30s-KNGKNG-polaB07', 'Kaos Cardet Kuning B07 30s', 'XXL', 57270, 'KNGKNG-polaB07'),
('XXL-kaos-crdt30s-KNGKNG-polaB08', 'Kaos Cardet Kuning B08 30s', 'XXL', 57280, 'KNGKNG-polaB08'),
('XXL-kaos-crdt30s-NVYHTM-polaB01', 'Kaos Cardet Navy, Hitam B01 30s', 'XXL', 56730, 'NVYHTM-polaB01'),
('XXL-kaos-crdt30s-NVYHTM-polaB02', 'Kaos Cardet Navy, Hitam B02 30s', 'XXL', 56740, 'NVYHTM-polaB02'),
('XXL-kaos-crdt30s-NVYHTM-polaB03', 'Kaos Cardet Navy, Hitam B03 30s', 'XXL', 56750, 'NVYHTM-polaB03'),
('XXL-kaos-crdt30s-NVYHTM-polaB04', 'Kaos Cardet Navy, Hitam B04 30s', 'XXL', 56760, 'NVYHTM-polaB04'),
('XXL-kaos-crdt30s-NVYHTM-polaB05', 'Kaos Cardet Navy, Hitam B05 30s', 'XXL', 56770, 'NVYHTM-polaB05'),
('XXL-kaos-crdt30s-NVYHTM-polaB06', 'Kaos Cardet Navy, Hitam B06 30s', 'XXL', 56780, 'NVYHTM-polaB06'),
('XXL-kaos-crdt30s-NVYHTM-polaB07', 'Kaos Cardet Navy, Hitam B07 30s', 'XXL', 56790, 'NVYHTM-polaB07'),
('XXL-kaos-crdt30s-NVYHTM-polaB08', 'Kaos Cardet Navy, Hitam B08 30s', 'XXL', 56800, 'NVYHTM-polaB08'),
('XXL-kaos-crdt30s-PTHPTH-polaB01', 'Kaos Cardet Putih B01 30s', 'XXL', 56250, 'PTHPTH-polaB01'),
('XXL-kaos-crdt30s-PTHPTH-polaB02', 'Kaos Cardet Putih B02 30s', 'XXL', 56260, 'PTHPTH-polaB02'),
('XXL-kaos-crdt30s-PTHPTH-polaB03', 'Kaos Cardet Putih B03 30s', 'XXL', 56270, 'PTHPTH-polaB03'),
('XXL-kaos-crdt30s-PTHPTH-polaB04', 'Kaos Cardet Putih B04 30s', 'XXL', 56280, 'PTHPTH-polaB04'),
('XXL-kaos-crdt30s-PTHPTH-polaB05', 'Kaos Cardet Putih B05 30s', 'XXL', 56290, 'PTHPTH-polaB05'),
('XXL-kaos-crdt30s-PTHPTH-polaB06', 'Kaos Cardet Putih B06 30s', 'XXL', 56300, 'PTHPTH-polaB06'),
('XXL-kaos-crdt30s-PTHPTH-polaB07', 'Kaos Cardet Putih B07 30s', 'XXL', 56310, 'PTHPTH-polaB07'),
('XXL-kaos-crdt30s-PTHPTH-polaB08', 'Kaos Cardet Putih B08 30s', 'XXL', 56320, 'PTHPTH-polaB08'),
('XXL-kaos-cvc-ABUABU-polaE01', 'Kaos Cotton Viscose Abu-Abu E01 cvc', 'XXL', 56490, 'ABUABU-polaE01'),
('XXL-kaos-cvc-ABUABU-polaE02', 'Kaos Cotton Viscose Abu-Abu E02 cvc', 'XXL', 56500, 'ABUABU-polaE02'),
('XXL-kaos-cvc-ABUABU-polaE03', 'Kaos Cotton Viscose Abu-Abu E03 cvc', 'XXL', 56510, 'ABUABU-polaE03'),
('XXL-kaos-cvc-ABUABU-polaE04', 'Kaos Cotton Viscose Abu-Abu E04 cvc', 'XXL', 56520, 'ABUABU-polaE04'),
('XXL-kaos-cvc-ABUABU-polaE05', 'Kaos Cotton Viscose Abu-Abu E05 cvc', 'XXL', 56530, 'ABUABU-polaE05'),
('XXL-kaos-cvc-ABUABU-polaE06', 'Kaos Cotton Viscose Abu-Abu E06 cvc', 'XXL', 56540, 'ABUABU-polaE06'),
('XXL-kaos-cvc-ABUABU-polaE07', 'Kaos Cotton Viscose Abu-Abu E07 cvc', 'XXL', 56550, 'ABUABU-polaE07'),
('XXL-kaos-cvc-ABUABU-polaE08', 'Kaos Cotton Viscose Abu-Abu E08 cvc', 'XXL', 56560, 'ABUABU-polaE08'),
('XXL-kaos-cvc-HTMHTM-polaE01', 'Kaos Cotton Viscose Hitam E01 cvc', 'XXL', 57450, 'HTMHTM-polaE01'),
('XXL-kaos-cvc-HTMHTM-polaE02', 'Kaos Cotton Viscose Hitam E02 cvc', 'XXL', 57460, 'HTMHTM-polaE02'),
('XXL-kaos-cvc-HTMHTM-polaE03', 'Kaos Cotton Viscose Hitam E03 cvc', 'XXL', 57470, 'HTMHTM-polaE03'),
('XXL-kaos-cvc-HTMHTM-polaE04', 'Kaos Cotton Viscose Hitam E04 cvc', 'XXL', 57480, 'HTMHTM-polaE04'),
('XXL-kaos-cvc-HTMHTM-polaE05', 'Kaos Cotton Viscose Hitam E05 cvc', 'XXL', 57490, 'HTMHTM-polaE05'),
('XXL-kaos-cvc-HTMHTM-polaE06', 'Kaos Cotton Viscose Hitam E06 cvc', 'XXL', 57500, 'HTMHTM-polaE06'),
('XXL-kaos-cvc-HTMHTM-polaE07', 'Kaos Cotton Viscose Hitam E07 cvc', 'XXL', 57510, 'HTMHTM-polaE07'),
('XXL-kaos-cvc-HTMHTM-polaE08', 'Kaos Cotton Viscose Hitam E08 cvc', 'XXL', 57520, 'HTMHTM-polaE08'),
('XXL-kaos-cvc-HTMPTH-polaE01', 'Kaos Cotton Viscose hitam,Putih E01 cvc', 'XXL', 56970, 'HTMPTH-polaE01'),
('XXL-kaos-cvc-HTMPTH-polaE02', 'Kaos Cotton Viscose hitam,Putih E02 cvc', 'XXL', 56980, 'HTMPTH-polaE02'),
('XXL-kaos-cvc-HTMPTH-polaE03', 'Kaos Cotton Viscose hitam,Putih E03 cvc', 'XXL', 56990, 'HTMPTH-polaE03'),
('XXL-kaos-cvc-HTMPTH-polaE04', 'Kaos Cotton Viscose hitam,Putih E04 cvc', 'XXL', 57000, 'HTMPTH-polaE04'),
('XXL-kaos-cvc-HTMPTH-polaE05', 'Kaos Cotton Viscose hitam,Putih E05 cvc', 'XXL', 57010, 'HTMPTH-polaE05'),
('XXL-kaos-cvc-HTMPTH-polaE06', 'Kaos Cotton Viscose hitam,Putih E06 cvc', 'XXL', 57020, 'HTMPTH-polaE06'),
('XXL-kaos-cvc-HTMPTH-polaE07', 'Kaos Cotton Viscose hitam,Putih E07 cvc', 'XXL', 57030, 'HTMPTH-polaE07'),
('XXL-kaos-cvc-HTMPTH-polaE08', 'Kaos Cotton Viscose hitam,Putih E08 cvc', 'XXL', 57040, 'HTMPTH-polaE08'),
('XXL-kaos-cvc-MRNMRN-polaE01', 'Kaos Cotton Viscose Merah Marun E01 cvc', 'XXL', 57930, 'MRNMRN-polaE01'),
('XXL-kaos-cvc-MRNMRN-polaE02', 'Kaos Cotton Viscose Merah Marun E02 cvc', 'XXL', 57940, 'MRNMRN-polaE02'),
('XXL-kaos-cvc-MRNMRN-polaE03', 'Kaos Cotton Viscose Merah Marun E03 cvc', 'XXL', 57950, 'MRNMRN-polaE03'),
('XXL-kaos-cvc-MRNMRN-polaE04', 'Kaos Cotton Viscose Merah Marun E04 cvc', 'XXL', 57960, 'MRNMRN-polaE04'),
('XXL-kaos-cvc-MRNMRN-polaE05', 'Kaos Cotton Viscose Merah Marun E05 cvc', 'XXL', 57970, 'MRNMRN-polaE05'),
('XXL-kaos-cvc-MRNMRN-polaE06', 'Kaos Cotton Viscose Merah Marun E06 cvc', 'XXL', 57980, 'MRNMRN-polaE06'),
('XXL-kaos-cvc-MRNMRN-polaE07', 'Kaos Cotton Viscose Merah Marun E07 cvc', 'XXL', 57990, 'MRNMRN-polaE07'),
('XXL-kaos-cvc-MRNMRN-polaE08', 'Kaos Cotton Viscose Merah Marun E08 cvc', 'XXL', 58000, 'MRNMRN-polaE08'),
('XXL-kaos-ktn24s-ABUABU-polaA01', 'Kaos Katun Abu-Abu A01 24s', 'XXL', 57130, 'ABUABU-polaA01'),
('XXL-kaos-ktn24s-ABUABU-polaA02', 'Kaos Katun Abu-Abu A02 24s', 'XXL', 57140, 'ABUABU-polaA02'),
('XXL-kaos-ktn24s-ABUABU-polaA03', 'Kaos Katun Abu-Abu A03 24s', 'XXL', 57150, 'ABUABU-polaA03'),
('XXL-kaos-ktn24s-ABUABU-polaA04', 'Kaos Katun Abu-Abu A04 24s', 'XXL', 57160, 'ABUABU-polaA04'),
('XXL-kaos-ktn24s-ABUABU-polaA05', 'Kaos Katun Abu-Abu A05 24s', 'XXL', 57170, 'ABUABU-polaA05'),
('XXL-kaos-ktn24s-ABUABU-polaA06', 'Kaos Katun Abu-Abu A06 24s', 'XXL', 57180, 'ABUABU-polaA06'),
('XXL-kaos-ktn24s-ABUABU-polaA07', 'Kaos Katun Abu-Abu A07 24s', 'XXL', 57190, 'ABUABU-polaA07'),
('XXL-kaos-ktn24s-ABUABU-polaA08', 'Kaos Katun Abu-Abu A08 24s', 'XXL', 57200, 'ABUABU-polaA08'),
('XXL-kaos-ktn24s-HTMHTM-polaA01', 'Kaos Katun Hitam A01 24s', 'XXL', 56170, 'HTMHTM-polaA01'),
('XXL-kaos-ktn24s-HTMHTM-polaA02', 'Kaos Katun Hitam A02 24s', 'XXL', 56180, 'HTMHTM-polaA02'),
('XXL-kaos-ktn24s-HTMHTM-polaA03', 'Kaos Katun Hitam A03 24s', 'XXL', 56190, 'HTMHTM-polaA03'),
('XXL-kaos-ktn24s-HTMHTM-polaA04', 'Kaos Katun Hitam A04 24s', 'XXL', 56200, 'HTMHTM-polaA04'),
('XXL-kaos-ktn24s-HTMHTM-polaA05', 'Kaos Katun Hitam A05 24s', 'XXL', 56210, 'HTMHTM-polaA05'),
('XXL-kaos-ktn24s-HTMHTM-polaA06', 'Kaos Katun Hitam A06 24s', 'XXL', 56220, 'HTMHTM-polaA06'),
('XXL-kaos-ktn24s-HTMHTM-polaA07', 'Kaos Katun Hitam A07 24s', 'XXL', 56230, 'HTMHTM-polaA07'),
('XXL-kaos-ktn24s-HTMHTM-polaA08', 'Kaos Katun Hitam A08 24s', 'XXL', 56240, 'HTMHTM-polaA08'),
('XXL-kaos-ktn24s-HTMPTH-polaA01', 'Kaos Katun hitam,Putih A01 24s', 'XXL', 57610, 'HTMPTH-polaA01'),
('XXL-kaos-ktn24s-HTMPTH-polaA02', 'Kaos Katun hitam,Putih A02 24s', 'XXL', 57620, 'HTMPTH-polaA02'),
('XXL-kaos-ktn24s-HTMPTH-polaA03', 'Kaos Katun hitam,Putih A03 24s', 'XXL', 57630, 'HTMPTH-polaA03'),
('XXL-kaos-ktn24s-HTMPTH-polaA04', 'Kaos Katun hitam,Putih A04 24s', 'XXL', 57640, 'HTMPTH-polaA04'),
('XXL-kaos-ktn24s-HTMPTH-polaA05', 'Kaos Katun hitam,Putih A05 24s', 'XXL', 57650, 'HTMPTH-polaA05'),
('XXL-kaos-ktn24s-HTMPTH-polaA06', 'Kaos Katun hitam,Putih A06 24s', 'XXL', 57660, 'HTMPTH-polaA06'),
('XXL-kaos-ktn24s-HTMPTH-polaA07', 'Kaos Katun hitam,Putih A07 24s', 'XXL', 57670, 'HTMPTH-polaA07'),
('XXL-kaos-ktn24s-HTMPTH-polaA08', 'Kaos Katun hitam,Putih A08 24s', 'XXL', 57680, 'HTMPTH-polaA08'),
('XXL-kaos-ktn24s-MRNMRN-polaA01', 'Kaos Katun Merah Marun A01 24s', 'XXL', 56650, 'MRNMRN-polaA01'),
('XXL-kaos-ktn24s-MRNMRN-polaA02', 'Kaos Katun Merah Marun A02 24s', 'XXL', 56660, 'MRNMRN-polaA02'),
('XXL-kaos-ktn24s-MRNMRN-polaA03', 'Kaos Katun Merah Marun A03 24s', 'XXL', 56670, 'MRNMRN-polaA03'),
('XXL-kaos-ktn24s-MRNMRN-polaA04', 'Kaos Katun Merah Marun A04 24s', 'XXL', 56680, 'MRNMRN-polaA04'),
('XXL-kaos-ktn24s-MRNMRN-polaA05', 'Kaos Katun Merah Marun A05 24s', 'XXL', 56690, 'MRNMRN-polaA05'),
('XXL-kaos-ktn24s-MRNMRN-polaA06', 'Kaos Katun Merah Marun A06 24s', 'XXL', 56700, 'MRNMRN-polaA06'),
('XXL-kaos-ktn24s-MRNMRN-polaA07', 'Kaos Katun Merah Marun A07 24s', 'XXL', 56710, 'MRNMRN-polaA07'),
('XXL-kaos-ktn24s-MRNMRN-polaA08', 'Kaos Katun Merah Marun A08 24s', 'XXL', 56720, 'MRNMRN-polaA08'),
('XXL-kaos-pe-ABUHTM-polaF01', 'Kaos Polyester Abu,Hitam F01 -pe', 'XXL', 57050, 'ABUHTM-polaF01'),
('XXL-kaos-pe-ABUHTM-polaF02', 'Kaos Polyester Abu,Hitam F02 -pe', 'XXL', 57060, 'ABUHTM-polaF02'),
('XXL-kaos-pe-ABUHTM-polaF03', 'Kaos Polyester Abu,Hitam F03 -pe', 'XXL', 57070, 'ABUHTM-polaF03'),
('XXL-kaos-pe-ABUHTM-polaF04', 'Kaos Polyester Abu,Hitam F04 -pe', 'XXL', 57080, 'ABUHTM-polaF04'),
('XXL-kaos-pe-ABUHTM-polaF05', 'Kaos Polyester Abu,Hitam F05 -pe', 'XXL', 57090, 'ABUHTM-polaF05'),
('XXL-kaos-pe-ABUHTM-polaF06', 'Kaos Polyester Abu,Hitam F06 -pe', 'XXL', 57100, 'ABUHTM-polaF06'),
('XXL-kaos-pe-ABUHTM-polaF07', 'Kaos Polyester Abu,Hitam F07 -pe', 'XXL', 57110, 'ABUHTM-polaF07'),
('XXL-kaos-pe-ABUHTM-polaF08', 'Kaos Polyester Abu,Hitam F08 -pe', 'XXL', 57120, 'ABUHTM-polaF08'),
('XXL-kaos-pe-KNGKNG-polaF01', 'Kaos Polyester Kuning F01 -pe', 'XXL', 56570, 'KNGKNG-polaF01'),
('XXL-kaos-pe-KNGKNG-polaF02', 'Kaos Polyester Kuning F02 -pe', 'XXL', 56580, 'KNGKNG-polaF02'),
('XXL-kaos-pe-KNGKNG-polaF03', 'Kaos Polyester Kuning F03 -pe', 'XXL', 56590, 'KNGKNG-polaF03'),
('XXL-kaos-pe-KNGKNG-polaF04', 'Kaos Polyester Kuning F04 -pe', 'XXL', 56600, 'KNGKNG-polaF04'),
('XXL-kaos-pe-KNGKNG-polaF05', 'Kaos Polyester Kuning F05 -pe', 'XXL', 56610, 'KNGKNG-polaF05'),
('XXL-kaos-pe-KNGKNG-polaF06', 'Kaos Polyester Kuning F06 -pe', 'XXL', 56620, 'KNGKNG-polaF06'),
('XXL-kaos-pe-KNGKNG-polaF07', 'Kaos Polyester Kuning F07 -pe', 'XXL', 56630, 'KNGKNG-polaF07'),
('XXL-kaos-pe-KNGKNG-polaF08', 'Kaos Polyester Kuning F08 -pe', 'XXL', 56640, 'KNGKNG-polaF08'),
('XXL-kaos-pe-NVYHTM-polaF01', 'Kaos Polyester Navy, Hitam F01 -pe', 'XXL', 58010, 'NVYHTM-polaF01'),
('XXL-kaos-pe-NVYHTM-polaF02', 'Kaos Polyester Navy, Hitam F02 -pe', 'XXL', 58020, 'NVYHTM-polaF02'),
('XXL-kaos-pe-NVYHTM-polaF03', 'Kaos Polyester Navy, Hitam F03 -pe', 'XXL', 58030, 'NVYHTM-polaF03'),
('XXL-kaos-pe-NVYHTM-polaF04', 'Kaos Polyester Navy, Hitam F04 -pe', 'XXL', 58040, 'NVYHTM-polaF04'),
('XXL-kaos-pe-NVYHTM-polaF05', 'Kaos Polyester Navy, Hitam F05 -pe', 'XXL', 58050, 'NVYHTM-polaF05'),
('XXL-kaos-pe-NVYHTM-polaF06', 'Kaos Polyester Navy, Hitam F06 -pe', 'XXL', 58060, 'NVYHTM-polaF06'),
('XXL-kaos-pe-NVYHTM-polaF07', 'Kaos Polyester Navy, Hitam F07 -pe', 'XXL', 58070, 'NVYHTM-polaF07'),
('XXL-kaos-pe-NVYHTM-polaF08', 'Kaos Polyester Navy, Hitam F08 -pe', 'XXL', 58080, 'NVYHTM-polaF08'),
('XXL-kaos-pe-PTHPTH-polaF01', 'Kaos Polyester Putih F01 -pe', 'XXL', 57530, 'PTHPTH-polaF01'),
('XXL-kaos-pe-PTHPTH-polaF02', 'Kaos Polyester Putih F02 -pe', 'XXL', 57540, 'PTHPTH-polaF02'),
('XXL-kaos-pe-PTHPTH-polaF03', 'Kaos Polyester Putih F03 -pe', 'XXL', 57550, 'PTHPTH-polaF03'),
('XXL-kaos-pe-PTHPTH-polaF04', 'Kaos Polyester Putih F04 -pe', 'XXL', 57560, 'PTHPTH-polaF04'),
('XXL-kaos-pe-PTHPTH-polaF05', 'Kaos Polyester Putih F05 -pe', 'XXL', 57570, 'PTHPTH-polaF05'),
('XXL-kaos-pe-PTHPTH-polaF06', 'Kaos Polyester Putih F06 -pe', 'XXL', 57580, 'PTHPTH-polaF06'),
('XXL-kaos-pe-PTHPTH-polaF07', 'Kaos Polyester Putih F07 -pe', 'XXL', 57590, 'PTHPTH-polaF07'),
('XXL-kaos-pe-PTHPTH-polaF08', 'Kaos Polyester Putih F08 -pe', 'XXL', 57600, 'PTHPTH-polaF08'),
('XXL-kaos-tc-ABUABU-polaC01', 'Kaos Teteron Cotton Abu-Abu C01 -tc', 'XXL', 57770, 'ABUABU-polaC01'),
('XXL-kaos-tc-ABUABU-polaC02', 'Kaos Teteron Cotton Abu-Abu C02 -tc', 'XXL', 57780, 'ABUABU-polaC02'),
('XXL-kaos-tc-ABUABU-polaC03', 'Kaos Teteron Cotton Abu-Abu C03 -tc', 'XXL', 57790, 'ABUABU-polaC03'),
('XXL-kaos-tc-ABUABU-polaC04', 'Kaos Teteron Cotton Abu-Abu C04 -tc', 'XXL', 59720, 'ABUABU-polaC04'),
('XXL-kaos-tc-ABUABU-polaC05', 'Kaos Teteron Cotton Abu-Abu C05 -tc', 'XXL', 57810, 'ABUABU-polaC05'),
('XXL-kaos-tc-ABUABU-polaC06', 'Kaos Teteron Cotton Abu-Abu C06 -tc', 'XXL', 57820, 'ABUABU-polaC06'),
('XXL-kaos-tc-ABUABU-polaC07', 'Kaos Teteron Cotton Abu-Abu C07 -tc', 'XXL', 57830, 'ABUABU-polaC07'),
('XXL-kaos-tc-ABUABU-polaC08', 'Kaos Teteron Cotton Abu-Abu C08 -tc', 'XXL', 57840, 'ABUABU-polaC08'),
('XXL-kaos-tc-HTMHTM-polaC01', 'Kaos Teteron Cotton Hitam C01 -tc', 'XXL', 56810, 'HTMHTM-polaC01'),
('XXL-kaos-tc-HTMHTM-polaC02', 'Kaos Teteron Cotton Hitam C02 -tc', 'XXL', 56820, 'HTMHTM-polaC02'),
('XXL-kaos-tc-HTMHTM-polaC03', 'Kaos Teteron Cotton Hitam C03 -tc', 'XXL', 56830, 'HTMHTM-polaC03'),
('XXL-kaos-tc-HTMHTM-polaC04', 'Kaos Teteron Cotton Hitam C04 -tc', 'XXL', 56840, 'HTMHTM-polaC04'),
('XXL-kaos-tc-HTMHTM-polaC05', 'Kaos Teteron Cotton Hitam C05 -tc', 'XXL', 56850, 'HTMHTM-polaC05'),
('XXL-kaos-tc-HTMHTM-polaC06', 'Kaos Teteron Cotton Hitam C06 -tc', 'XXL', 56860, 'HTMHTM-polaC06'),
('XXL-kaos-tc-HTMHTM-polaC07', 'Kaos Teteron Cotton Hitam C07 -tc', 'XXL', 56870, 'HTMHTM-polaC07'),
('XXL-kaos-tc-HTMHTM-polaC08', 'Kaos Teteron Cotton Hitam C08 -tc', 'XXL', 56880, 'HTMHTM-polaC08'),
('XXL-kaos-tc-HTMPTH-polaC01', 'Kaos Teteron Cotton hitam,Putih C01 -tc', 'XXL', 56330, 'HTMPTH-polaC01'),
('XXL-kaos-tc-HTMPTH-polaC02', 'Kaos Teteron Cotton hitam,Putih C02 -tc', 'XXL', 56340, 'HTMPTH-polaC02'),
('XXL-kaos-tc-HTMPTH-polaC03', 'Kaos Teteron Cotton hitam,Putih C03 -tc', 'XXL', 56350, 'HTMPTH-polaC03'),
('XXL-kaos-tc-HTMPTH-polaC04', 'Kaos Teteron Cotton hitam,Putih C04 -tc', 'XXL', 56360, 'HTMPTH-polaC04'),
('XXL-kaos-tc-HTMPTH-polaC05', 'Kaos Teteron Cotton hitam,Putih C05 -tc', 'XXL', 56370, 'HTMPTH-polaC05'),
('XXL-kaos-tc-HTMPTH-polaC06', 'Kaos Teteron Cotton hitam,Putih C06 -tc', 'XXL', 56380, 'HTMPTH-polaC06'),
('XXL-kaos-tc-HTMPTH-polaC07', 'Kaos Teteron Cotton hitam,Putih C07 -tc', 'XXL', 56390, 'HTMPTH-polaC07'),
('XXL-kaos-tc-HTMPTH-polaC08', 'Kaos Teteron Cotton hitam,Putih C08 -tc', 'XXL', 56400, 'HTMPTH-polaC08'),
('XXL-kaos-tc-MRNMRN-polaC01', 'Kaos Teteron Cotton Merah Marun C01 -tc', 'XXL', 57290, 'MRNMRN-polaC01'),
('XXL-kaos-tc-MRNMRN-polaC02', 'Kaos Teteron Cotton Merah Marun C02 -tc', 'XXL', 57300, 'MRNMRN-polaC02'),
('XXL-kaos-tc-MRNMRN-polaC03', 'Kaos Teteron Cotton Merah Marun C03 -tc', 'XXL', 57310, 'MRNMRN-polaC03'),
('XXL-kaos-tc-MRNMRN-polaC04', 'Kaos Teteron Cotton Merah Marun C04 -tc', 'XXL', 57320, 'MRNMRN-polaC04'),
('XXL-kaos-tc-MRNMRN-polaC05', 'Kaos Teteron Cotton Merah Marun C05 -tc', 'XXL', 57330, 'MRNMRN-polaC05'),
('XXL-kaos-tc-MRNMRN-polaC06', 'Kaos Teteron Cotton Merah Marun C06 -tc', 'XXL', 57340, 'MRNMRN-polaC06'),
('XXL-kaos-tc-MRNMRN-polaC07', 'Kaos Teteron Cotton Merah Marun C07 -tc', 'XXL', 57350, 'MRNMRN-polaC07'),
('XXL-kaos-tc-MRNMRN-polaC08', 'Kaos Teteron Cotton Merah Marun C08 -tc', 'XXL', 57360, 'MRNMRN-polaC08'),
('XXL-kaos-vscs-ABUHTM-polaD01', 'Kaos Viscose Abu,Hitam D01 scs', 'XXL', 56410, 'ABUHTM-polaD01'),
('XXL-kaos-vscs-ABUHTM-polaD02', 'Kaos Viscose Abu,Hitam D02 scs', 'XXL', 56420, 'ABUHTM-polaD02'),
('XXL-kaos-vscs-ABUHTM-polaD03', 'Kaos Viscose Abu,Hitam D03 scs', 'XXL', 56430, 'ABUHTM-polaD03'),
('XXL-kaos-vscs-ABUHTM-polaD04', 'Kaos Viscose Abu,Hitam D04 scs', 'XXL', 56440, 'ABUHTM-polaD04'),
('XXL-kaos-vscs-ABUHTM-polaD05', 'Kaos Viscose Abu,Hitam D05 scs', 'XXL', 56450, 'ABUHTM-polaD05'),
('XXL-kaos-vscs-ABUHTM-polaD06', 'Kaos Viscose Abu,Hitam D06 scs', 'XXL', 56460, 'ABUHTM-polaD06'),
('XXL-kaos-vscs-ABUHTM-polaD07', 'Kaos Viscose Abu,Hitam D07 scs', 'XXL', 56470, 'ABUHTM-polaD07'),
('XXL-kaos-vscs-ABUHTM-polaD08', 'Kaos Viscose Abu,Hitam D08 scs', 'XXL', 56480, 'ABUHTM-polaD08'),
('XXL-kaos-vscs-KNGKNG-polaD01', 'Kaos Viscose Kuning D01 scs', 'XXL', 57850, 'KNGKNG-polaD01'),
('XXL-kaos-vscs-KNGKNG-polaD02', 'Kaos Viscose Kuning D02 scs', 'XXL', 57860, 'KNGKNG-polaD02'),
('XXL-kaos-vscs-KNGKNG-polaD03', 'Kaos Viscose Kuning D03 scs', 'XXL', 57870, 'KNGKNG-polaD03'),
('XXL-kaos-vscs-KNGKNG-polaD04', 'Kaos Viscose Kuning D04 scs', 'XXL', 57880, 'KNGKNG-polaD04'),
('XXL-kaos-vscs-KNGKNG-polaD05', 'Kaos Viscose Kuning D05 scs', 'XXL', 57890, 'KNGKNG-polaD05'),
('XXL-kaos-vscs-KNGKNG-polaD06', 'Kaos Viscose Kuning D06 scs', 'XXL', 57900, 'KNGKNG-polaD06'),
('XXL-kaos-vscs-KNGKNG-polaD07', 'Kaos Viscose Kuning D07 scs', 'XXL', 57910, 'KNGKNG-polaD07'),
('XXL-kaos-vscs-KNGKNG-polaD08', 'Kaos Viscose Kuning D08 scs', 'XXL', 57920, 'KNGKNG-polaD08'),
('XXL-kaos-vscs-NVYHTM-polaD01', 'Kaos Viscose Navy, Hitam D01 scs', 'XXL', 57370, 'NVYHTM-polaD01'),
('XXL-kaos-vscs-NVYHTM-polaD02', 'Kaos Viscose Navy, Hitam D02 scs', 'XXL', 57380, 'NVYHTM-polaD02'),
('XXL-kaos-vscs-NVYHTM-polaD03', 'Kaos Viscose Navy, Hitam D03 scs', 'XXL', 57390, 'NVYHTM-polaD03'),
('XXL-kaos-vscs-NVYHTM-polaD04', 'Kaos Viscose Navy, Hitam D04 scs', 'XXL', 57400, 'NVYHTM-polaD04'),
('XXL-kaos-vscs-NVYHTM-polaD05', 'Kaos Viscose Navy, Hitam D05 scs', 'XXL', 57410, 'NVYHTM-polaD05'),
('XXL-kaos-vscs-NVYHTM-polaD06', 'Kaos Viscose Navy, Hitam D06 scs', 'XXL', 57420, 'NVYHTM-polaD06'),
('XXL-kaos-vscs-NVYHTM-polaD07', 'Kaos Viscose Navy, Hitam D07 scs', 'XXL', 57430, 'NVYHTM-polaD07'),
('XXL-kaos-vscs-NVYHTM-polaD08', 'Kaos Viscose Navy, Hitam D08 scs', 'XXL', 57440, 'NVYHTM-polaD08'),
('XXL-kaos-vscs-PTHPTH-polaD01', 'Kaos Viscose Putih D01 scs', 'XXL', 56890, 'PTHPTH-polaD01'),
('XXL-kaos-vscs-PTHPTH-polaD02', 'Kaos Viscose Putih D02 scs', 'XXL', 56900, 'PTHPTH-polaD02'),
('XXL-kaos-vscs-PTHPTH-polaD03', 'Kaos Viscose Putih D03 scs', 'XXL', 56910, 'PTHPTH-polaD03'),
('XXL-kaos-vscs-PTHPTH-polaD04', 'Kaos Viscose Putih D04 scs', 'XXL', 56920, 'PTHPTH-polaD04'),
('XXL-kaos-vscs-PTHPTH-polaD05', 'Kaos Viscose Putih D05 scs', 'XXL', 56930, 'PTHPTH-polaD05'),
('XXL-kaos-vscs-PTHPTH-polaD06', 'Kaos Viscose Putih D06 scs', 'XXL', 56940, 'PTHPTH-polaD06'),
('XXL-kaos-vscs-PTHPTH-polaD07', 'Kaos Viscose Putih D07 scs', 'XXL', 56950, 'PTHPTH-polaD07'),
('XXL-kaos-vscs-PTHPTH-polaD08', 'Kaos Viscose Putih D08 scs', 'XXL', 56960, 'PTHPTH-polaD08');

-- --------------------------------------------------------

--
-- Table structure for table `desain`
--

CREATE TABLE `desain` (
  `KdDesain` varchar(100) NOT NULL,
  `GbrDesain` varchar(100) NOT NULL,
  `KdPola` varchar(100) NOT NULL
) ENGINE=InnoDB DEFAULT CHARSET=latin1;

--
-- Dumping data for table `desain`
--

INSERT INTO `desain` (`KdDesain`, `GbrDesain`, `KdPola`) VALUES
('ABUABU-polaA01', 'ABUABU-polaA01.png', 'polaA01'),
('ABUABU-polaA02', 'ABUABU-polaA02.png', 'polaA02'),
('ABUABU-polaA03', 'ABUABU-polaA03.png', 'polaA03'),
('ABUABU-polaA04', 'ABUABU-polaA04.png', 'polaA04'),
('ABUABU-polaA05', 'ABUABU-polaA05.png', 'polaA05'),
('ABUABU-polaA06', 'ABUABU-polaA06.png', 'polaA06'),
('ABUABU-polaA07', 'ABUABU-polaA07.png', 'polaA07'),
('ABUABU-polaA08', 'ABUABU-polaA08.png', 'polaA08'),
('ABUABU-polaC01', 'ABUABU-polaC01.png', 'polaC01'),
('ABUABU-polaC02', 'ABUABU-polaC02.png', 'polaC02'),
('ABUABU-polaC03', 'ABUABU-polaC03.png', 'polaC03'),
('ABUABU-polaC04', 'ABUABU-polaC04.png', 'polaC04'),
('ABUABU-polaC05', 'ABUABU-polaC05.png', 'polaC05'),
('ABUABU-polaC06', 'ABUABU-polaC06.png', 'polaC06'),
('ABUABU-polaC07', 'ABUABU-polaC07.png', 'polaC07'),
('ABUABU-polaC08', 'ABUABU-polaC08.png', 'polaC08'),
('ABUABU-polaE01', 'ABUABU-polaE01.png', 'polaE01'),
('ABUABU-polaE02', 'ABUABU-polaE02.png', 'polaE02'),
('ABUABU-polaE03', 'ABUABU-polaE03.png', 'polaE03'),
('ABUABU-polaE04', 'ABUABU-polaE04.png', 'polaE04'),
('ABUABU-polaE05', 'ABUABU-polaE05.png', 'polaE05'),
('ABUABU-polaE06', 'ABUABU-polaE06.png', 'polaE06'),
('ABUABU-polaE07', 'ABUABU-polaE07.png', 'polaE07'),
('ABUABU-polaE08', 'ABUABU-polaE08.png', 'polaE08'),
('ABUHTM-polaB01', 'ABUHTM-polaB01.png', 'polaB01'),
('ABUHTM-polaB02', 'ABUHTM-polaB02.png', 'polaB02'),
('ABUHTM-polaB03', 'ABUHTM-polaB03.png', 'polaB03'),
('ABUHTM-polaB04', 'ABUHTM-polaB04.png', 'polaB04'),
('ABUHTM-polaB05', 'ABUHTM-polaB05.png', 'polaB05'),
('ABUHTM-polaB06', 'ABUHTM-polaB06.png', 'polaB06'),
('ABUHTM-polaB07', 'ABUHTM-polaB07.png', 'polaB07'),
('ABUHTM-polaB08', 'ABUHTM-polaB08.png', 'polaB08'),
('ABUHTM-polaD01', 'ABUHTM-polaD01.png', 'polaD01'),
('ABUHTM-polaD02', 'ABUHTM-polaD02.png', 'polaD02'),
('ABUHTM-polaD03', 'ABUHTM-polaD03.png', 'polaD03'),
('ABUHTM-polaD04', 'ABUHTM-polaD04.png', 'polaD04'),
('ABUHTM-polaD05', 'ABUHTM-polaD05.png', 'polaD05'),
('ABUHTM-polaD06', 'ABUHTM-polaD06.png', 'polaD06'),
('ABUHTM-polaD07', 'ABUHTM-polaD07.png', 'polaD07'),
('ABUHTM-polaD08', 'ABUHTM-polaD08.png', 'polaD08'),
('ABUHTM-polaF01', 'ABUHTM-polaF01.png', 'polaF01'),
('ABUHTM-polaF02', 'ABUHTM-polaF02.png', 'polaF02'),
('ABUHTM-polaF03', 'ABUHTM-polaF03.png', 'polaF03'),
('ABUHTM-polaF04', 'ABUHTM-polaF04.png', 'polaF04'),
('ABUHTM-polaF05', 'ABUHTM-polaF05.png', 'polaF05'),
('ABUHTM-polaF06', 'ABUHTM-polaF06.png', 'polaF06'),
('ABUHTM-polaF07', 'ABUHTM-polaF07.png', 'polaF07'),
('ABUHTM-polaF08', 'ABUHTM-polaF08.png', 'polaF08'),
('d01', 'desain2p1.png', 'pola2'),
('d02', 'desain2p2.png', 'pola2'),
('d03', 'desain2p2.png', 'pola1'),
('HTMHTM-polaA01', 'HTMHTM-polaA01.png', 'polaA01'),
('HTMHTM-polaA02', 'HTMHTM-polaA02.png', 'polaA02'),
('HTMHTM-polaA03', 'HTMHTM-polaA03.png', 'polaA03'),
('HTMHTM-polaA04', 'HTMHTM-polaA04.png', 'polaA04'),
('HTMHTM-polaA05', 'HTMHTM-polaA05.png', 'polaA05'),
('HTMHTM-polaA06', 'HTMHTM-polaA06.png', 'polaA06'),
('HTMHTM-polaA07', 'HTMHTM-polaA07.png', 'polaA07'),
('HTMHTM-polaA08', 'HTMHTM-polaA08.png', 'polaA08'),
('HTMHTM-polaC01', 'HTMHTM-polaC01.png', 'polaC01'),
('HTMHTM-polaC02', 'HTMHTM-polaC02.png', 'polaC02'),
('HTMHTM-polaC03', 'HTMHTM-polaC03.png', 'polaC03'),
('HTMHTM-polaC04', 'HTMHTM-polaC04.png', 'polaC04'),
('HTMHTM-polaC05', 'HTMHTM-polaC05.png', 'polaC05'),
('HTMHTM-polaC06', 'HTMHTM-polaC06.png', 'polaC06'),
('HTMHTM-polaC07', 'HTMHTM-polaC07.png', 'polaC07'),
('HTMHTM-polaC08', 'HTMHTM-polaC08.png', 'polaC08'),
('HTMHTM-polaE01', 'HTMHTM-polaE01.png', 'polaE01'),
('HTMHTM-polaE02', 'HTMHTM-polaE02.png', 'polaE02'),
('HTMHTM-polaE03', 'HTMHTM-polaE03.png', 'polaE03'),
('HTMHTM-polaE04', 'HTMHTM-polaE04.png', 'polaE04'),
('HTMHTM-polaE05', 'HTMHTM-polaE05.png', 'polaE05'),
('HTMHTM-polaE06', 'HTMHTM-polaE06.png', 'polaE06'),
('HTMHTM-polaE07', 'HTMHTM-polaE07.png', 'polaE07'),
('HTMHTM-polaE08', 'HTMHTM-polaE08.png', 'polaE08'),
('HTMPTH-polaA01', 'HTMPTH-polaA01.png', 'polaA01'),
('HTMPTH-polaA02', 'HTMPTH-polaA02.png', 'polaA02'),
('HTMPTH-polaA03', 'HTMPTH-polaA03.png', 'polaA03'),
('HTMPTH-polaA04', 'HTMPTH-polaA04.png', 'polaA04'),
('HTMPTH-polaA05', 'HTMPTH-polaA05.png', 'polaA05'),
('HTMPTH-polaA06', 'HTMPTH-polaA06.png', 'polaA06'),
('HTMPTH-polaA07', 'HTMPTH-polaA07.png', 'polaA07'),
('HTMPTH-polaA08', 'HTMPTH-polaA08.png', 'polaA08'),
('HTMPTH-polaC01', 'HTMPTH-polaC01.png', 'polaC01'),
('HTMPTH-polaC02', 'HTMPTH-polaC02.png', 'polaC02'),
('HTMPTH-polaC03', 'HTMPTH-polaC03.png', 'polaC03'),
('HTMPTH-polaC04', 'HTMPTH-polaC04.png', 'polaC04'),
('HTMPTH-polaC05', 'HTMPTH-polaC05.png', 'polaC05'),
('HTMPTH-polaC06', 'HTMPTH-polaC06.png', 'polaC06'),
('HTMPTH-polaC07', 'HTMPTH-polaC07.png', 'polaC07'),
('HTMPTH-polaC08', 'HTMPTH-polaC08.png', 'polaC08'),
('HTMPTH-polaE01', 'HTMPTH-polaE01.png', 'polaE01'),
('HTMPTH-polaE02', 'HTMPTH-polaE02.png', 'polaE02'),
('HTMPTH-polaE03', 'HTMPTH-polaE03.png', 'polaE03'),
('HTMPTH-polaE04', 'HTMPTH-polaE04.png', 'polaE04'),
('HTMPTH-polaE05', 'HTMPTH-polaE05.png', 'polaE05'),
('HTMPTH-polaE06', 'HTMPTH-polaE06.png', 'polaE06'),
('HTMPTH-polaE07', 'HTMPTH-polaE07.png', 'polaE07'),
('HTMPTH-polaE08', 'HTMPTH-polaE08.png', 'polaE08'),
('KDD-0001', 'aa1c86f2fa701e328b06ffb4bdf28ef5.png', 'KDP-0001'),
('KNGKNG-polaB01', 'KNGKNG-polaB01.png', 'polaB01'),
('KNGKNG-polaB02', 'KNGKNG-polaB02.png', 'polaB02'),
('KNGKNG-polaB03', 'KNGKNG-polaB03.png', 'polaB03'),
('KNGKNG-polaB04', 'KNGKNG-polaB04.png', 'polaB04'),
('KNGKNG-polaB05', 'KNGKNG-polaB05.png', 'polaB05'),
('KNGKNG-polaB06', 'KNGKNG-polaB06.png', 'polaB06'),
('KNGKNG-polaB07', 'KNGKNG-polaB07.png', 'polaB07'),
('KNGKNG-polaB08', 'KNGKNG-polaB08.png', 'polaB08'),
('KNGKNG-polaD01', 'KNGKNG-polaD01.png', 'polaD01'),
('KNGKNG-polaD02', 'KNGKNG-polaD02.png', 'polaD02'),
('KNGKNG-polaD03', 'KNGKNG-polaD03.png', 'polaD03'),
('KNGKNG-polaD04', 'KNGKNG-polaD04.png', 'polaD04'),
('KNGKNG-polaD05', 'KNGKNG-polaD05.png', 'polaD05'),
('KNGKNG-polaD06', 'KNGKNG-polaD06.png', 'polaD06'),
('KNGKNG-polaD07', 'KNGKNG-polaD07.png', 'polaD07'),
('KNGKNG-polaD08', 'KNGKNG-polaD08.png', 'polaD08'),
('KNGKNG-polaF01', 'KNGKNG-polaF01.png', 'polaF01'),
('KNGKNG-polaF02', 'KNGKNG-polaF02.png', 'polaF02'),
('KNGKNG-polaF03', 'KNGKNG-polaF03.png', 'polaF03'),
('KNGKNG-polaF04', 'KNGKNG-polaF04.png', 'polaF04'),
('KNGKNG-polaF05', 'KNGKNG-polaF05.png', 'polaF05'),
('KNGKNG-polaF06', 'KNGKNG-polaF06.png', 'polaF06'),
('KNGKNG-polaF07', 'KNGKNG-polaF07.png', 'polaF07'),
('KNGKNG-polaF08', 'KNGKNG-polaF08.png', 'polaF08'),
('MRNMRN-polaA01', 'MRNMRN-polaA01.png', 'polaA01'),
('MRNMRN-polaA02', 'MRNMRN-polaA02.png', 'polaA02'),
('MRNMRN-polaA03', 'MRNMRN-polaA03.png', 'polaA03'),
('MRNMRN-polaA04', 'MRNMRN-polaA04.png', 'polaA04'),
('MRNMRN-polaA05', 'MRNMRN-polaA05.png', 'polaA05'),
('MRNMRN-polaA06', 'MRNMRN-polaA06.png', 'polaA06'),
('MRNMRN-polaA07', 'MRNMRN-polaA07.png', 'polaA07'),
('MRNMRN-polaA08', 'MRNMRN-polaA08.png', 'polaA08'),
('MRNMRN-polaC01', 'MRNMRN-polaC01.png', 'polaC01'),
('MRNMRN-polaC02', 'MRNMRN-polaC02.png', 'polaC02'),
('MRNMRN-polaC03', 'MRNMRN-polaC03.png', 'polaC03'),
('MRNMRN-polaC04', 'MRNMRN-polaC04.png', 'polaC04'),
('MRNMRN-polaC05', 'MRNMRN-polaC05.png', 'polaC05'),
('MRNMRN-polaC06', 'MRNMRN-polaC06.png', 'polaC06'),
('MRNMRN-polaC07', 'MRNMRN-polaC07.png', 'polaC07'),
('MRNMRN-polaC08', 'MRNMRN-polaC08.png', 'polaC08'),
('MRNMRN-polaE01', 'MRNMRN-polaE01.png', 'polaE01'),
('MRNMRN-polaE02', 'MRNMRN-polaE02.png', 'polaE02'),
('MRNMRN-polaE03', 'MRNMRN-polaE03.png', 'polaE03'),
('MRNMRN-polaE04', 'MRNMRN-polaE04.png', 'polaE04'),
('MRNMRN-polaE05', 'MRNMRN-polaE05.png', 'polaE05'),
('MRNMRN-polaE06', 'MRNMRN-polaE06.png', 'polaE06'),
('MRNMRN-polaE07', 'MRNMRN-polaE07.png', 'polaE07'),
('MRNMRN-polaE08', 'MRNMRN-polaE08.png', 'polaE08'),
('NVYHTM-polaB01', 'NVYHTM-polaB01.png', 'polaB01'),
('NVYHTM-polaB02', 'NVYHTM-polaB02.png', 'polaB02'),
('NVYHTM-polaB03', 'NVYHTM-polaB03.png', 'polaB03'),
('NVYHTM-polaB04', 'NVYHTM-polaB04.png', 'polaB04'),
('NVYHTM-polaB05', 'NVYHTM-polaB05.png', 'polaB05'),
('NVYHTM-polaB06', 'NVYHTM-polaB06.png', 'polaB06'),
('NVYHTM-polaB07', 'NVYHTM-polaB07.png', 'polaB07'),
('NVYHTM-polaB08', 'NVYHTM-polaB08.png', 'polaB08'),
('NVYHTM-polaD01', 'NVYHTM-polaD01.png', 'polaD01'),
('NVYHTM-polaD02', 'NVYHTM-polaD02.png', 'polaD02'),
('NVYHTM-polaD03', 'NVYHTM-polaD03.png', 'polaD03'),
('NVYHTM-polaD04', 'NVYHTM-polaD04.png', 'polaD04'),
('NVYHTM-polaD05', 'NVYHTM-polaD05.png', 'polaD05'),
('NVYHTM-polaD06', 'NVYHTM-polaD06.png', 'polaD06'),
('NVYHTM-polaD07', 'NVYHTM-polaD07.png', 'polaD07'),
('NVYHTM-polaD08', 'NVYHTM-polaD08.png', 'polaD08'),
('NVYHTM-polaF01', 'NVYHTM-polaF01.png', 'polaF01'),
('NVYHTM-polaF02', 'NVYHTM-polaF02.png', 'polaF02'),
('NVYHTM-polaF03', 'NVYHTM-polaF03.png', 'polaF03'),
('NVYHTM-polaF04', 'NVYHTM-polaF04.png', 'polaF04'),
('NVYHTM-polaF05', 'NVYHTM-polaF05.png', 'polaF05'),
('NVYHTM-polaF06', 'NVYHTM-polaF06.png', 'polaF06'),
('NVYHTM-polaF07', 'NVYHTM-polaF07.png', 'polaF07'),
('NVYHTM-polaF08', 'NVYHTM-polaF08.png', 'polaF08'),
('PTHPTH-polaB01', 'PTHPTH-polaB01.png', 'polaB01'),
('PTHPTH-polaB02', 'PTHPTH-polaB02.png', 'polaB02'),
('PTHPTH-polaB03', 'PTHPTH-polaB03.png', 'polaB03'),
('PTHPTH-polaB04', 'PTHPTH-polaB04.png', 'polaB04'),
('PTHPTH-polaB05', 'PTHPTH-polaB05.png', 'polaB05'),
('PTHPTH-polaB06', 'PTHPTH-polaB06.png', 'polaB06'),
('PTHPTH-polaB07', 'PTHPTH-polaB07.png', 'polaB07'),
('PTHPTH-polaB08', 'PTHPTH-polaB08.png', 'polaB08'),
('PTHPTH-polaD01', 'PTHPTH-polaD01.png', 'polaD01'),
('PTHPTH-polaD02', 'PTHPTH-polaD02.png', 'polaD02'),
('PTHPTH-polaD03', 'PTHPTH-polaD03.png', 'polaD03'),
('PTHPTH-polaD04', 'PTHPTH-polaD04.png', 'polaD04'),
('PTHPTH-polaD05', 'PTHPTH-polaD05.png', 'polaD05'),
('PTHPTH-polaD06', 'PTHPTH-polaD06.png', 'polaD06'),
('PTHPTH-polaD07', 'PTHPTH-polaD07.png', 'polaD07'),
('PTHPTH-polaD08', 'PTHPTH-polaD08.png', 'polaD08'),
('PTHPTH-polaF01', 'PTHPTH-polaF01.png', 'polaF01'),
('PTHPTH-polaF02', 'PTHPTH-polaF02.png', 'polaF02'),
('PTHPTH-polaF03', 'PTHPTH-polaF03.png', 'polaF03'),
('PTHPTH-polaF04', 'PTHPTH-polaF04.png', 'polaF04'),
('PTHPTH-polaF05', 'PTHPTH-polaF05.png', 'polaF05'),
('PTHPTH-polaF06', 'PTHPTH-polaF06.png', 'polaF06'),
('PTHPTH-polaF07', 'PTHPTH-polaF07.png', 'polaF07'),
('PTHPTH-polaF08', 'PTHPTH-polaF08.png', 'polaF08');

-- --------------------------------------------------------

--
-- Table structure for table `detailpesanan`
--

CREATE TABLE `detailpesanan` (
  `IdDPesanan` int(100) NOT NULL,
  `Jumlah` int(11) NOT NULL,
  `SubTotal` double NOT NULL,
  `IdPesanan` varchar(100) NOT NULL,
  `KdBarang` varchar(100) NOT NULL
) ENGINE=InnoDB DEFAULT CHARSET=latin1;

--
-- Dumping data for table `detailpesanan`
--

INSERT INTO `detailpesanan` (`IdDPesanan`, `Jumlah`, `SubTotal`, `IdPesanan`, `KdBarang`) VALUES
(1, 2, 100540, 'bdg-ORDER-2962019-855', 'L-kaos-cvc-MRNMRN-polaE03'),
(2, 4, 193400, 'bdg-ORDER-2962019-855', 'M-kaos-cvc-MRNMRN-polaE03'),
(3, 3, 127770, 'bdg-ORDER-2962019-855', 'S-kaos-cvc-MRNMRN-polaE03'),
(4, 5, 280150, 'bdg-ORDER-2962019-855', 'XL-kaos-cvc-MRNMRN-polaE03'),
(5, 2, 115900, 'bdg-ORDER-2962019-855', 'XXL-kaos-cvc-MRNMRN-polaE03'),
(7, 5, 206900, 'IdP-9857', 'S-kaos-crdt30s-NVYHTM-polaB02'),
(8, 1, 47140, 'IdP-9857', 'M-kaos-crdt30s-NVYHTM-polaB02'),
(9, 2, 98120, 'IdP-9857', 'L-kaos-crdt30s-NVYHTM-polaB02'),
(10, 10, 900360, 'IdP-9857', 'XL-kaos-crdt30s-NVYHTM-polaB02'),
(11, 0, 0, 'IdP-9857', 'XXL-kaos-crdt30s-NVYHTM-polaB02'),
(12, 0, 0, '', ''),
(13, 0, 0, '', ''),
(14, 0, 0, '', ''),
(15, 0, 0, '', ''),
(16, 0, 0, '', ''),
(17, 0, 0, '', ''),
(18, 0, 0, '', ''),
(19, 0, 0, '', ''),
(20, 1, 42340, 'wow-ORDER-3062019-2255', 'S-kaos-crdt30s-ABUHTM-polaB02'),
(21, 2, 96200, 'wow-ORDER-3062019-2255', 'M-kaos-crdt30s-ABUHTM-polaB02'),
(22, 3, 150060, 'wow-ORDER-3062019-2255', 'L-kaos-crdt30s-ABUHTM-polaB02'),
(23, 4, 223120, 'wow-ORDER-3062019-2255', 'XL-kaos-crdt30s-ABUHTM-polaB02'),
(24, 5, 288500, 'wow-ORDER-3062019-2255', 'XXL-kaos-crdt30s-ABUHTM-polaB02'),
(25, 1, 42340, 'wpj-ORDER-0172019-032', 'S-kaos-crdt30s-ABUHTM-polaB02'),
(26, 1, 48100, 'wpj-ORDER-0172019-032', 'M-kaos-crdt30s-ABUHTM-polaB02'),
(27, 1, 50020, 'wpj-ORDER-0172019-032', 'L-kaos-crdt30s-ABUHTM-polaB02'),
(28, 1, 55780, 'wpj-ORDER-0172019-032', 'XL-kaos-crdt30s-ABUHTM-polaB02'),
(29, 1, 57700, 'wpj-ORDER-0172019-032', 'XXL-kaos-crdt30s-ABUHTM-polaB02'),
(30, 1, 42340, 'wpj-ORDER-0172019-038', 'S-kaos-crdt30s-ABUHTM-polaB02'),
(31, 1, 48100, 'wpj-ORDER-0172019-038', 'M-kaos-crdt30s-ABUHTM-polaB02'),
(32, 1, 50020, 'wpj-ORDER-0172019-038', 'L-kaos-crdt30s-ABUHTM-polaB02'),
(33, 1, 55780, 'wpj-ORDER-0172019-038', 'XL-kaos-crdt30s-ABUHTM-polaB02'),
(34, 1, 57700, 'wpj-ORDER-0172019-038', 'XXL-kaos-crdt30s-ABUHTM-polaB02'),
(35, 1, 42340, 'wpj-ORDER-0172019-039', 'S-kaos-crdt30s-ABUHTM-polaB02'),
(36, 1, 48100, 'wpj-ORDER-0172019-039', 'M-kaos-crdt30s-ABUHTM-polaB02'),
(37, 1, 50020, 'wpj-ORDER-0172019-039', 'L-kaos-crdt30s-ABUHTM-polaB02'),
(38, 1, 55780, 'wpj-ORDER-0172019-039', 'XL-kaos-crdt30s-ABUHTM-polaB02'),
(39, 1, 57700, 'wpj-ORDER-0172019-039', 'XXL-kaos-crdt30s-ABUHTM-polaB02'),
(40, 12, 508080, 'wert-ORDER-0172019-045', 'S-kaos-crdt30s-ABUHTM-polaB02'),
(41, 3, 144300, 'wert-ORDER-0172019-045', 'M-kaos-crdt30s-ABUHTM-polaB02'),
(42, 50, 2501000, 'wert-ORDER-0172019-045', 'L-kaos-crdt30s-ABUHTM-polaB02'),
(43, 12, 669360, 'wert-ORDER-0172019-045', 'XL-kaos-crdt30s-ABUHTM-polaB02'),
(44, 4, 230800, 'wert-ORDER-0172019-045', 'XXL-kaos-crdt30s-ABUHTM-polaB02'),
(45, 12, 508080, 'wert-ORDER-0172019-047', 'S-kaos-crdt30s-ABUHTM-polaB02'),
(46, 3, 144300, 'wert-ORDER-0172019-047', 'M-kaos-crdt30s-ABUHTM-polaB02'),
(47, 50, 2501000, 'wert-ORDER-0172019-047', 'L-kaos-crdt30s-ABUHTM-polaB02'),
(48, 12, 669360, 'wert-ORDER-0172019-047', 'XL-kaos-crdt30s-ABUHTM-polaB02'),
(49, 4, 230800, 'wert-ORDER-0172019-047', 'XXL-kaos-crdt30s-ABUHTM-polaB02');

-- --------------------------------------------------------

--
-- Table structure for table `jenispakaian`
--

CREATE TABLE `jenispakaian` (
  `KodeJenis` varchar(100) NOT NULL,
  `NamaJenis` varchar(100) NOT NULL,
  `GambarJenis` varchar(100) NOT NULL
) ENGINE=InnoDB DEFAULT CHARSET=latin1;

--
-- Dumping data for table `jenispakaian`
--

INSERT INTO `jenispakaian` (`KodeJenis`, `NamaJenis`, `GambarJenis`) VALUES
('kaos-crdt30s', 'kaos CARDET 30s', 'kaos-crdt30s.png'),
('kaos-cvc', 'Kaos CVC(Cotton Viscose)', 'kaos-cvc.png'),
('kaos-hyget', 'Kaos HYGET', 'kaos-hyget.png'),
('kaos-ktn24s', 'Kaos Katun Combed 24s', 'kaos-ktn24s.png'),
('kaos-tc', 'Kaos TC(Teteron Cotton)', 'kaos-tc.png'),
('kaos-vscs', 'Kaos Viscose', 'kaos-vscs.png'),
('KDJ-0001', 'cc', '79e16a3c57df3ce7b5410068af55eafb.png');

-- --------------------------------------------------------

--
-- Table structure for table `pegawai`
--

CREATE TABLE `pegawai` (
  `IdPeg` varchar(100) NOT NULL,
  `Nama` varchar(200) NOT NULL,
  `Jabatan` varchar(50) DEFAULT 'Pegawai',
  `Level` int(15) DEFAULT '0',
  `Password` varchar(256) NOT NULL,
  `NoTelp` varchar(14) NOT NULL,
  `Email` varchar(50) NOT NULL,
  `Aktif` enum('Y','T') DEFAULT 'T',
  `Foto` varchar(100) DEFAULT 'pegawai.jpg',
  `WaktuDaftar` int(11) NOT NULL
) ENGINE=InnoDB DEFAULT CHARSET=latin1;

--
-- Dumping data for table `pegawai`
--

INSERT INTO `pegawai` (`IdPeg`, `Nama`, `Jabatan`, `Level`, `Password`, `NoTelp`, `Email`, `Aktif`, `Foto`, `WaktuDaftar`) VALUES
('1', 'Lalisa Manoban', 'Pegawai', 0, '$2y$10$oy.IiVM5ENHK7/aaWBUAGO5A4TXJ2TTk02CAYcpWwqKvu3E5huNzG', '082345678901', 'pegawai@akbarindo.com', 'Y', 'pegawai.jpg', 9999999),
('100', '', 'Pegawai', 1, '$2y$10$aOSrSXKyVG44Mo391pyi7OIR5Ob0BLbVPeRtVsyiOGMVLUKWShKem', '082345678901', 'pegawai@akbarindo.com', 'Y', 'pegawai.jpg', 9999999),
('1000000000', 'kkk', 'Pegawai', 0, '$2y$10$6aAYrfhSJUAsGO3Xu9Dw7uR06xCPFWe3dETV1D6Vm8RcxWZSruGe2', '1000000000', '1000000000@h.m', 'T', 'pegawai.jpg', 1561170318),
('10116256', 'Aditya Pangestu', 'Pegawai', 1, '$2y$10$eomSV4z4KW9FBoEfKe6/LubKTL76BM8WKODbYG5TQLR.39bJwRUlm', '08231111111111', 'pangestuaditya.solihin@gmail.com', 'Y', 'pegawai.jpg', 1561009631),
('10116257', 'lord', 'Pegawai', 1, '$2y$10$Ks.oGFiObrGBF6GogRW4LuUn1T.ukirYpWkdP/SAxhf8ny1VVcXzy', '2391283918', 'gabemmm@gmail.cxop', 'Y', 'pegawai.jpg', 1561916931),
('1111111111111111111111', 'aaaaaaaaaaaaaaaa', 'Pegawai', 0, '$2y$10$1gSt4ClsetlRlwjn/exKnu/WjaVsLjhd3UR3NTPqgjNnoGIdF2mJK', '082345678901', 'pegawai@akbarindo.com', 'T', 'pegawai.jpg', 9999999),
('112321', 'e', 'Pegawai', 0, '$2y$10$IuVuhz6QGdEiVxoUzORGAu.V3cq9O/JNUCatorxFtslWzWdtvvg0C', '082345678901', 'pegawai@akbarindo.com', 'T', 'pegawai.jpg', 9999999),
('1222222222222222222', '@d.com', 'Pegawai', 0, '$2y$10$BD8.7ZsNrNiig.cjQNfoVuqY0Ku1aJUJLWn00ZQwKgsuEckY.CZrO', '082345678901', 'pegawai@akbarindo.com', 'T', 'pegawai.jpg', 9999999),
('123', 'q', 'Pegawai', 0, '$2y$10$eovvkB4QirwkkYivS6LzPOqeJ4K5bdAkxt0w6WPbLs72VtJ311NXq', '082345678901', 'pegawai@akbarindo.com', 'T', 'pegawai.jpg', 9999999),
('123123', 'ggg', 'Pegawai', 0, '$2y$10$LK/bEBUioYz9fGvpuu9OJOhwyn21K2BC/UDNSJtYWIO9Nu0GctBtO', '082345678901', 'pegawai@akbarindo.com', 'T', 'pegawai.jpg', 9999999),
('12312312', 'sdfsdf', 'Pegawai', 0, '$2y$10$oRQy8M3K7SWsx4FD59SeEexzGV48Cq384dyswH.NzrGM0b62Q7ici', '082345678901', 'pegawai@akbarindo.com', 'T', 'pegawai.jpg', 9999999),
('123221212121', 'gdgdgdgdgdg', 'Pegawai', 0, '$2y$10$h7DLAouHpa6HCz1cHWaffuSKBHdDGXCnsEABBAYXx/THDBTbW8ey6', '082345678901', 'pegawai@akbarindo.com', 'T', 'pegawai.jpg', 9999999),
('123333', 'qe', 'Pegawai', 0, '$2y$10$KHDh3IIaH7BHUpAZ/1rNOubTUzBMKBs8iaV..TuzqVMX91Zia/Q.C', '082345678901', 'pegawai@akbarindo.com', 'T', 'pegawai.jpg', 9999999),
('123456', '123456', 'Pegawai', 0, '$2y$10$0u/yodp5YY26xezyuQjxj.rgpFJC1dMXFtutw1zMiWrDJUrdkTP0a', '082345678901', 'pegawai@akbarindo.com', 'Y', 'pegawai.jpg', 9999999),
('32', '', 'Pegawai', 0, '$2y$10$jY2psF2upW/K0FvN/hGz5e17pkmpw.hg4tYzntXwDTRW2e3LlZSLq', '082345678901', 'pegawai@akbarindo.com', '', 'pegawai.jpg', 9999999),
('4455544', '', 'Pegawai', 0, '$2y$10$q234T9rS/IAB8chd.wwODeMySJafzTe1UNQN7VSd5lVgzKaa9kUXq', '082345678901', 'pegawai@akbarindo.com', '', 'pegawai.jpg', 9999999);

-- --------------------------------------------------------

--
-- Table structure for table `pemesan`
--

CREATE TABLE `pemesan` (
  `IdPemesan` char(25) NOT NULL,
  `Nama` varchar(200) NOT NULL,
  `Alamat` varchar(150) NOT NULL,
  `Desa` varchar(80) NOT NULL,
  `Kecamatan` varchar(80) NOT NULL,
  `KabOrKota` varchar(60) NOT NULL,
  `NoTelp` varchar(14) NOT NULL,
  `Email` varchar(50) NOT NULL
) ENGINE=InnoDB DEFAULT CHARSET=latin1;

--
-- Dumping data for table `pemesan`
--

INSERT INTO `pemesan` (`IdPemesan`, `Nama`, `Alamat`, `Desa`, `Kecamatan`, `KabOrKota`, `NoTelp`, `Email`) VALUES
('ADITBDGBDG2962019855', 'adit', 'bdg', 'bdg', 'bdg', 'bdg', 'bdg', 'bdg'),
('EWQEWIPOWPJ0172019032', '', '', '', '', '', '', 'wpj'),
('EWQEWIPOWPJ0172019038', '', '', '', '', '', '', 'wpj'),
('EWQEWIPOWPJ0172019039', 'iewqe', 'epwipo', 'eipqwieop', 'epo', 'iwepo', 'wpoej', 'wpj'),
('IdP-9856', 'Front/single', 'Front/single', 'Front/single', 'Front/single', 'Front/single', 'Front/single', 'Front/single'),
('WERTWERTWERT0172019045', 'qwwert', 'qwwert', 'qwwert', 'qwwert', 'qwwert', 'qwwert', 'qwwert'),
('WERTWERTWERT0172019047', 'qwwert', 'qwwert', 'qwwert', 'qwwert', 'qwwert', 'qwwert', 'qwwert'),
('WOWWOWWOW30620192255', 'wow', 'wow', 'wow', 'wow', 'wow', 'wow', 'wow');

-- --------------------------------------------------------

--
-- Table structure for table `pesanan`
--

CREATE TABLE `pesanan` (
  `IdPesanan` varchar(100) NOT NULL,
  `TglPesan` date DEFAULT NULL,
  `Deskripsi` text,
  `TotalHarga` double NOT NULL,
  `StatusPesanan` enum('Y','T') DEFAULT 'T',
  `BuktiPembayaran` varchar(100) DEFAULT NULL,
  `StatusPembayaran` enum('Y','T') DEFAULT 'T',
  `FeedBack` varchar(400) DEFAULT '<br>Terimakasih telah memesan :) tapi pesanan kamu belum kami konfirmasi, mungkin hari ini juga kami akan langsung mengkonfirmasi, jadi tunggu ya..',
  `IdPemesan` char(25) NOT NULL,
  `IdPegawai` char(17) NOT NULL
) ENGINE=InnoDB DEFAULT CHARSET=latin1;

--
-- Dumping data for table `pesanan`
--

INSERT INTO `pesanan` (`IdPesanan`, `TglPesan`, `Deskripsi`, `TotalHarga`, `StatusPesanan`, `BuktiPembayaran`, `StatusPembayaran`, `FeedBack`, `IdPemesan`, `IdPegawai`) VALUES
('bdg-ORDER-2962019-855', '2019-06-29', 'budug', 817760, 'Y', '286674.jpg', 'Y', '<br>Terimakasih telah memesan :) tapi pesanan kamu belum kami konfirmasi, mungkin hari ini juga kami akan langsung mengkonfirmasi, jadi tunggu ya..', 'ADITBDGBDG2962019855', '10116257'),
('jdks-ORDER-0172019-032', '2019-07-01', '', 253940, 'T', NULL, 'T', '<br>Terimakasih telah memesan :) tapi pesanan kamu belum kami konfirmasi, mungkin hari ini juga kami akan langsung mengkonfirmasi, jadi tunggu ya..', 'JDKSJDKSJDKS0172019032', ''),
('nato-ORDER-0172019-040', '2019-07-01', 'Ynato', 523240, 'T', NULL, 'T', '<br>Terimakasih telah memesan :) tapi pesanan kamu belum kami konfirmasi, mungkin hari ini juga kami akan langsung mengkonfirmasi, jadi tunggu ya..', 'NATONATONATO0172019040', ''),
('nato-ORDER-0172019-041', '2019-07-01', 'Ynato', 565580, 'T', NULL, 'T', '<br>Terimakasih telah memesan :) tapi pesanan kamu belum kami konfirmasi, mungkin hari ini juga kami akan langsung mengkonfirmasi, jadi tunggu ya..', 'NATONATONATO0172019041', ''),
('ORDER-30-06-19-854', '2019-06-30', 'Front/single', 88, 'T', NULL, 'T', '<br>Terimakasih telah memesan :) tapi pesanan kamu belum kami konfirmasi, mungkin hari ini juga kami akan langsung mengkonfirmasi, jadi tunggu ya..', 'IdP-9856', ''),
('wert-ORDER-0172019-045', '2019-07-01', 'qwwert', 4053540, 'Y', NULL, 'T', '<br>Terimakasih telah memesan :) tapi pesanan kamu belum kami konfirmasi, mungkin hari ini juga kami akan langsung mengkonfirmasi, jadi tunggu ya..', 'WERTWERTWERT0172019045', '10116257'),
('wert-ORDER-0172019-047', '2019-07-01', 'qwwert', 4053540, 'T', NULL, 'T', '<br>Terimakasih telah memesan :) tapi pesanan kamu belum kami konfirmasi, mungkin hari ini juga kami akan langsung mengkonfirmasi, jadi tunggu ya..', 'WERTWERTWERT0172019047', ''),
('wow-ORDER-3062019-2255', '2019-06-30', 'wow', 800220, 'T', NULL, 'T', '<br>Terimakasih telah memesan :) tapi pesanan kamu belum kami konfirmasi, mungkin hari ini juga kami akan langsung mengkonfirmasi, jadi tunggu ya..', 'WOWWOWWOW30620192255', ''),
('wpj-ORDER-0172019-032', '2019-07-01', '', 253940, 'T', NULL, 'T', '<br>Terimakasih telah memesan :) tapi pesanan kamu belum kami konfirmasi, mungkin hari ini juga kami akan langsung mengkonfirmasi, jadi tunggu ya..', 'EWQEWIPOWPJ0172019032', ''),
('wpj-ORDER-0172019-038', '2019-07-01', 'powjrwj', 253940, 'T', NULL, 'T', '<br>Terimakasih telah memesan :) tapi pesanan kamu belum kami konfirmasi, mungkin hari ini juga kami akan langsung mengkonfirmasi, jadi tunggu ya..', 'EWQEWIPOWPJ0172019038', ''),
('wpj-ORDER-0172019-039', '2019-07-01', 'powjrwj', 253940, 'T', NULL, 'T', '<br>Terimakasih telah memesan :) tapi pesanan kamu belum kami konfirmasi, mungkin hari ini juga kami akan langsung mengkonfirmasi, jadi tunggu ya..', 'EWQEWIPOWPJ0172019039', '');

-- --------------------------------------------------------

--
-- Table structure for table `pola`
--

CREATE TABLE `pola` (
  `KdPola` varchar(100) NOT NULL,
  `GbrPola` varchar(100) NOT NULL,
  `KodeJenis` varchar(100) NOT NULL
) ENGINE=InnoDB DEFAULT CHARSET=latin1;

--
-- Dumping data for table `pola`
--

INSERT INTO `pola` (`KdPola`, `GbrPola`, `KodeJenis`) VALUES
('a', 'a', 'a'),
('KDP-0001', '405c2b3c899fd200e3a263e2bb87f8f7.png', 'KDJ-0001'),
('pola1', 'pola1.png', 'kaos'),
('pola2', 'pola2.png', 'kaos'),
('pola3', 'pola3.png', 'kaos'),
('polaA01', 'polaA01.png', 'kaos-ktn24s'),
('polaA02', 'polaA02.png', 'kaos-ktn24s'),
('polaA03', 'polaA03.png', 'kaos-ktn24s'),
('polaA04', 'polaA04.png', 'kaos-ktn24s'),
('polaA05', 'polaA05.png', 'kaos-ktn24s'),
('polaA06', 'polaA06.png', 'kaos-ktn24s'),
('polaA07', 'polaA07.png', 'kaos-ktn24s'),
('polaA08', 'polaA08.png', 'kaos-ktn24s'),
('polaB01', 'polaB01.png', 'kaos-crdt30s'),
('polaB02', 'polaB02.png', 'kaos-crdt30s'),
('polaB03', 'polaB03.png', 'kaos-crdt30s'),
('polaB04', 'polaB04.png', 'kaos-crdt30s'),
('polaB05', 'polaB05.png', 'kaos-crdt30s'),
('polaB06', 'polaB06.png', 'kaos-crdt30s'),
('polaB07', 'polaB07.png', 'kaos-crdt30s'),
('polaB08', 'polaB08.png', 'kaos-crdt30s'),
('polaC01', 'polaC01.png', 'kaos-tc'),
('polaC02', 'polaC02.png', 'kaos-tc'),
('polaC03', 'polaC03.png', 'kaos-tc'),
('polaC04', 'polaC04.png', 'kaos-tc'),
('polaC05', 'polaC05.png', 'kaos-tc'),
('polaC06', 'polaC06.png', 'kaos-tc'),
('polaC07', 'polaC07.png', 'kaos-tc'),
('polaC08', 'polaC08.png', 'kaos-tc'),
('polaD01', 'polaD01.png', 'kaos-vscs'),
('polaD02', 'polaD02.png', 'kaos-vscs'),
('polaD03', 'polaD03.png', 'kaos-vscs'),
('polaD04', 'polaD04.png', 'kaos-vscs'),
('polaD05', 'polaD05.png', 'kaos-vscs'),
('polaD06', 'polaD06.png', 'kaos-vscs'),
('polaD07', 'polaD07.png', 'kaos-vscs'),
('polaD08', 'polaD08.png', 'kaos-vscs'),
('polaE01', 'polaE01.png', 'kaos-cvc'),
('polaE02', 'polaE02.png', 'kaos-cvc'),
('polaE03', 'polaE03.png', 'kaos-cvc'),
('polaE04', 'polaE04.png', 'kaos-cvc'),
('polaE05', 'polaE05.png', 'kaos-cvc'),
('polaE06', 'polaE06.png', 'kaos-cvc'),
('polaE07', 'polaE07.png', 'kaos-cvc'),
('polaE08', 'polaE08.png', 'kaos-cvc'),
('polaF01', 'polaF01.png', 'kaos-hyget'),
('polaF02', 'polaF02.png', 'kaos-hyget'),
('polaF03', 'polaF03.png', 'kaos-hyget'),
('polaF04', 'polaF04.png', 'kaos-hyget'),
('polaF05', 'polaF05.png', 'kaos-hyget'),
('polaF06', 'polaF06.png', 'kaos-hyget'),
('polaF07', 'polaF07.png', 'kaos-hyget'),
('polaF08', 'polaF08.png', 'kaos-hyget');

--
-- Indexes for dumped tables
--

--
-- Indexes for table `bahanbaku`
--
ALTER TABLE `bahanbaku`
  ADD PRIMARY KEY (`KdBBaku`);

--
-- Indexes for table `bahanbakudesain`
--
ALTER TABLE `bahanbakudesain`
  ADD PRIMARY KEY (`KodeBBakuDesain`);

--
-- Indexes for table `barang`
--
ALTER TABLE `barang`
  ADD PRIMARY KEY (`KdBarang`);

--
-- Indexes for table `desain`
--
ALTER TABLE `desain`
  ADD PRIMARY KEY (`KdDesain`);

--
-- Indexes for table `detailpesanan`
--
ALTER TABLE `detailpesanan`
  ADD PRIMARY KEY (`IdDPesanan`);

--
-- Indexes for table `jenispakaian`
--
ALTER TABLE `jenispakaian`
  ADD PRIMARY KEY (`KodeJenis`);

--
-- Indexes for table `pegawai`
--
ALTER TABLE `pegawai`
  ADD PRIMARY KEY (`IdPeg`);

--
-- Indexes for table `pemesan`
--
ALTER TABLE `pemesan`
  ADD PRIMARY KEY (`IdPemesan`);

--
-- Indexes for table `pesanan`
--
ALTER TABLE `pesanan`
  ADD PRIMARY KEY (`IdPesanan`);

--
-- Indexes for table `pola`
--
ALTER TABLE `pola`
  ADD PRIMARY KEY (`KdPola`);

--
-- AUTO_INCREMENT for dumped tables
--

--
-- AUTO_INCREMENT for table `detailpesanan`
--
ALTER TABLE `detailpesanan`
  MODIFY `IdDPesanan` int(100) NOT NULL AUTO_INCREMENT, AUTO_INCREMENT=50;
COMMIT;

/*!40101 SET CHARACTER_SET_CLIENT=@OLD_CHARACTER_SET_CLIENT */;
/*!40101 SET CHARACTER_SET_RESULTS=@OLD_CHARACTER_SET_RESULTS */;
/*!40101 SET COLLATION_CONNECTION=@OLD_COLLATION_CONNECTION */;
